ISO-10303-21;
HEADER;
FILE_DESCRIPTION(('CATIA V5 STEP Exchange'),'2;1');

FILE_NAME('C:\\Users\\jawel\\OneDrive\\Desktop\\MicroMouseSTP\\CarrinhoPrototipo.stp','2026-09-29T02:21:52+00:00',('none'),('none'),'CATIA Version 5 Release 21 GA (IN-10)','CATIA V5 STEP AP203','none');

FILE_SCHEMA(('CONFIG_CONTROL_DESIGN'));

ENDSEC;
/* file written by CATIA V5R21 */
DATA;
#5=PRODUCT('CarrinhoPrototipo','','',(#2)) ;
#56=PRODUCT('base','','',(#2)) ;
#1023=PRODUCT('baterias','','',(#2)) ;
#1198=PRODUCT('colunas','','',(#2)) ;
#1302=PRODUCT('rodas','','',(#2)) ;
#2379=PRODUCT('Motor','','',(#2)) ;
#1=APPLICATION_CONTEXT('configuration controlled 3D design of mechanical parts and assemblies') ;
#17=PRODUCT_DEFINITION('',' ',#6,#3) ;
#19=SECURITY_CLASSIFICATION(' ',' ',#18) ;
#18=SECURITY_CLASSIFICATION_LEVEL('unclassified') ;
#63=CARTESIAN_POINT('Axis2P3D Location',(0.,0.,21.)) ;
#68=CARTESIAN_POINT('Line Origine',(85.,17.5,21.)) ;
#72=CARTESIAN_POINT('Vertex',(85.,27.5,21.)) ;
#74=CARTESIAN_POINT('Vertex',(85.,7.5,21.)) ;
#77=CARTESIAN_POINT('Line Origine',(87.,7.5,21.)) ;
#81=CARTESIAN_POINT('Vertex',(89.,7.5,21.)) ;
#84=CARTESIAN_POINT('Line Origine',(89.,17.5,21.)) ;
#88=CARTESIAN_POINT('Vertex',(89.,27.5,21.)) ;
#91=CARTESIAN_POINT('Line Origine',(87.,27.5,21.)) ;
#103=CARTESIAN_POINT('Axis2P3D Location',(85.,27.5,5.)) ;
#108=CARTESIAN_POINT('Line Origine',(85.,7.5,15.5)) ;
#112=CARTESIAN_POINT('Vertex',(85.,7.5,10.)) ;
#115=CARTESIAN_POINT('Line Origine',(85.,27.5,15.5)) ;
#119=CARTESIAN_POINT('Vertex',(85.,27.5,10.)) ;
#122=CARTESIAN_POINT('Line Origine',(85.,24.995050488,10.)) ;
#126=CARTESIAN_POINT('Vertex',(85.,22.4901009759,10.)) ;
#129=CARTESIAN_POINT('Line Origine',(85.,22.4901009759,12.91575)) ;
#133=CARTESIAN_POINT('Vertex',(85.,22.4901009759,15.8315)) ;
#136=CARTESIAN_POINT('Axis2P3D Location',(85.,17.5,12.5)) ;
#140=CARTESIAN_POINT('Vertex',(85.,12.4901009759,15.8016528843)) ;
#143=CARTESIAN_POINT('Line Origine',(85.,12.4901009759,12.9008264422)) ;
#147=CARTESIAN_POINT('Vertex',(85.,12.4901009759,10.)) ;
#150=CARTESIAN_POINT('Line Origine',(85.,9.99505048797,10.)) ;
#166=CARTESIAN_POINT('Axis2P3D Location',(15.,7.5,5.)) ;
#171=CARTESIAN_POINT('Line Origine',(87.,7.5,10.)) ;
#175=CARTESIAN_POINT('Vertex',(89.,7.5,10.)) ;
#178=CARTESIAN_POINT('Line Origine',(89.,7.5,15.5)) ;
#190=CARTESIAN_POINT('Axis2P3D Location',(89.,7.5,5.)) ;
#195=CARTESIAN_POINT('Line Origine',(89.,27.5,15.5)) ;
#199=CARTESIAN_POINT('Vertex',(89.,27.5,10.)) ;
#202=CARTESIAN_POINT('Line Origine',(89.,9.99505048797,10.)) ;
#206=CARTESIAN_POINT('Vertex',(89.,12.4901009759,10.)) ;
#209=CARTESIAN_POINT('Line Origine',(89.,12.4901009759,12.9008264422)) ;
#213=CARTESIAN_POINT('Vertex',(89.,12.4901009759,15.8016528843)) ;
#216=CARTESIAN_POINT('Axis2P3D Location',(89.,17.5,12.5)) ;
#220=CARTESIAN_POINT('Vertex',(89.,22.4901009759,15.8315)) ;
#223=CARTESIAN_POINT('Line Origine',(89.,22.4901009759,12.91575)) ;
#227=CARTESIAN_POINT('Vertex',(89.,22.4901009759,10.)) ;
#230=CARTESIAN_POINT('Line Origine',(89.,24.995050488,10.)) ;
#246=CARTESIAN_POINT('Axis2P3D Location',(11.,27.5,5.)) ;
#251=CARTESIAN_POINT('Line Origine',(87.,27.5,10.)) ;
#263=CARTESIAN_POINT('Axis2P3D Location',(89.,22.4901009759,15.8315)) ;
#268=CARTESIAN_POINT('Line Origine',(87.,22.4901009759,10.)) ;
#273=CARTESIAN_POINT('Line Origine',(87.,22.4901009759,15.8315)) ;
#285=CARTESIAN_POINT('Axis2P3D Location',(-11.,17.5,12.5)) ;
#290=CARTESIAN_POINT('Line Origine',(-11.,12.4901009759,15.8016528843)) ;
#302=CARTESIAN_POINT('Axis2P3D Location',(89.,12.4901009759,9.19834711566)) ;
#307=CARTESIAN_POINT('Line Origine',(87.,12.4901009759,10.)) ;
#319=CARTESIAN_POINT('Line Origine',(11.,17.5,21.)) ;
#323=CARTESIAN_POINT('Vertex',(11.,27.5,21.)) ;
#325=CARTESIAN_POINT('Vertex',(11.,7.5,21.)) ;
#328=CARTESIAN_POINT('Line Origine',(13.,7.5,21.)) ;
#332=CARTESIAN_POINT('Vertex',(15.,7.5,21.)) ;
#335=CARTESIAN_POINT('Line Origine',(15.,17.5,21.)) ;
#339=CARTESIAN_POINT('Vertex',(15.,27.5,21.)) ;
#342=CARTESIAN_POINT('Line Origine',(13.,27.5,21.)) ;
#354=CARTESIAN_POINT('Axis2P3D Location',(11.,27.5,5.)) ;
#359=CARTESIAN_POINT('Line Origine',(11.,7.5,15.5)) ;
#363=CARTESIAN_POINT('Vertex',(11.,7.5,10.)) ;
#366=CARTESIAN_POINT('Line Origine',(11.,27.5,15.5)) ;
#370=CARTESIAN_POINT('Vertex',(11.,27.5,10.)) ;
#373=CARTESIAN_POINT('Line Origine',(11.,24.995050488,10.)) ;
#377=CARTESIAN_POINT('Vertex',(11.,22.4901009759,10.)) ;
#380=CARTESIAN_POINT('Line Origine',(11.,22.4901009759,12.91575)) ;
#384=CARTESIAN_POINT('Vertex',(11.,22.4901009759,15.8315)) ;
#387=CARTESIAN_POINT('Axis2P3D Location',(11.,17.5,12.5)) ;
#391=CARTESIAN_POINT('Vertex',(11.,12.4901009759,15.8016528843)) ;
#394=CARTESIAN_POINT('Line Origine',(11.,12.4901009759,12.9008264422)) ;
#398=CARTESIAN_POINT('Vertex',(11.,12.4901009759,10.)) ;
#401=CARTESIAN_POINT('Line Origine',(11.,9.99505048797,10.)) ;
#417=CARTESIAN_POINT('Line Origine',(13.,7.5,10.)) ;
#421=CARTESIAN_POINT('Vertex',(15.,7.5,10.)) ;
#424=CARTESIAN_POINT('Line Origine',(15.,7.5,15.5)) ;
#436=CARTESIAN_POINT('Axis2P3D Location',(15.,7.5,5.)) ;
#441=CARTESIAN_POINT('Line Origine',(15.,27.5,15.5)) ;
#445=CARTESIAN_POINT('Vertex',(15.,27.5,10.)) ;
#448=CARTESIAN_POINT('Line Origine',(15.,9.99505048797,10.)) ;
#452=CARTESIAN_POINT('Vertex',(15.,12.4901009759,10.)) ;
#455=CARTESIAN_POINT('Line Origine',(15.,12.4901009759,12.9008264422)) ;
#459=CARTESIAN_POINT('Vertex',(15.,12.4901009759,15.8016528843)) ;
#462=CARTESIAN_POINT('Axis2P3D Location',(15.,17.5,12.5)) ;
#466=CARTESIAN_POINT('Vertex',(15.,22.4901009759,15.8315)) ;
#469=CARTESIAN_POINT('Line Origine',(15.,22.4901009759,12.91575)) ;
#473=CARTESIAN_POINT('Vertex',(15.,22.4901009759,10.)) ;
#476=CARTESIAN_POINT('Line Origine',(15.,24.995050488,10.)) ;
#492=CARTESIAN_POINT('Line Origine',(13.,27.5,10.)) ;
#504=CARTESIAN_POINT('Line Origine',(13.,22.4901009759,10.)) ;
#509=CARTESIAN_POINT('Line Origine',(13.,22.4901009759,15.8315)) ;
#521=CARTESIAN_POINT('Line Origine',(-11.,12.4901009759,15.8016528843)) ;
#533=CARTESIAN_POINT('Line Origine',(13.,12.4901009759,10.)) ;
#545=CARTESIAN_POINT('Axis2P3D Location',(100.,60.,0.)) ;
#550=CARTESIAN_POINT('Line Origine',(100.,-2.84217094304E-014,5.)) ;
#554=CARTESIAN_POINT('Vertex',(100.,1.42108547152E-014,0.)) ;
#556=CARTESIAN_POINT('Vertex',(100.,1.42108547152E-014,10.)) ;
#559=CARTESIAN_POINT('Line Origine',(100.,30.,0.)) ;
#563=CARTESIAN_POINT('Vertex',(100.,60.,0.)) ;
#566=CARTESIAN_POINT('Line Origine',(100.,60.,5.)) ;
#570=CARTESIAN_POINT('Vertex',(100.,60.,10.)) ;
#573=CARTESIAN_POINT('Line Origine',(100.,30.,10.)) ;
#585=CARTESIAN_POINT('Axis2P3D Location',(50.,60.,2.5)) ;
#590=CARTESIAN_POINT('Axis2P3D Location',(50.,60.,0.)) ;
#594=CARTESIAN_POINT('Vertex',(-7.1054273576E-015,60.,0.)) ;
#597=CARTESIAN_POINT('Line Origine',(-7.1054273576E-015,60.,5.)) ;
#601=CARTESIAN_POINT('Vertex',(-7.1054273576E-015,60.,10.)) ;
#604=CARTESIAN_POINT('Axis2P3D Location',(50.,60.,10.)) ;
#616=CARTESIAN_POINT('Axis2P3D Location',(0.,0.,0.)) ;
#621=CARTESIAN_POINT('Line Origine',(0.,30.,0.)) ;
#625=CARTESIAN_POINT('Vertex',(-5.68434188608E-014,2.84217094304E-014,0.)) ;
#628=CARTESIAN_POINT('Line Origine',(0.,0.,5.)) ;
#632=CARTESIAN_POINT('Vertex',(-5.68434188608E-014,2.84217094304E-014,10.)) ;
#635=CARTESIAN_POINT('Line Origine',(0.,30.,10.)) ;
#647=CARTESIAN_POINT('Axis2P3D Location',(50.,120.,2.5)) ;
#652=CARTESIAN_POINT('Axis2P3D Location',(50.,120.,0.)) ;
#657=CARTESIAN_POINT('Axis2P3D Location',(50.,120.,10.)) ;
#669=CARTESIAN_POINT('Axis2P3D Location',(0.,0.,10.)) ;
#705=CARTESIAN_POINT('Axis2P3D Location',(0.,0.,0.)) ;
#718=CARTESIAN_POINT('Axis2P3D Location',(0.,0.,5.)) ;
#723=CARTESIAN_POINT('Axis2P3D Location',(6.,5.,5.)) ;
#727=CARTESIAN_POINT('Vertex',(2.,5.,5.)) ;
#729=CARTESIAN_POINT('Vertex',(10.,5.,5.)) ;
#732=CARTESIAN_POINT('Axis2P3D Location',(6.,5.,5.)) ;
#742=CARTESIAN_POINT('Axis2P3D Location',(6.,5.,3.75)) ;
#747=CARTESIAN_POINT('Axis2P3D Location',(6.,5.,2.5)) ;
#751=CARTESIAN_POINT('Vertex',(10.,5.,2.5)) ;
#753=CARTESIAN_POINT('Vertex',(2.,5.,2.5)) ;
#756=CARTESIAN_POINT('Line Origine',(2.,5.,3.75)) ;
#761=CARTESIAN_POINT('Line Origine',(10.,5.,3.75)) ;
#773=CARTESIAN_POINT('Axis2P3D Location',(6.,5.,2.5)) ;
#785=CARTESIAN_POINT('Axis2P3D Location',(0.,0.,2.5)) ;
#797=CARTESIAN_POINT('Axis2P3D Location',(94.,5.,5.)) ;
#801=CARTESIAN_POINT('Vertex',(90.,5.,5.)) ;
#803=CARTESIAN_POINT('Vertex',(98.,5.,5.)) ;
#806=CARTESIAN_POINT('Axis2P3D Location',(94.,5.,5.)) ;
#816=CARTESIAN_POINT('Axis2P3D Location',(94.,5.,3.75)) ;
#821=CARTESIAN_POINT('Axis2P3D Location',(94.,5.,2.5)) ;
#825=CARTESIAN_POINT('Vertex',(98.,5.,2.5)) ;
#827=CARTESIAN_POINT('Vertex',(90.,5.,2.5)) ;
#830=CARTESIAN_POINT('Line Origine',(90.,5.,3.75)) ;
#835=CARTESIAN_POINT('Line Origine',(98.,5.,3.75)) ;
#847=CARTESIAN_POINT('Axis2P3D Location',(94.,5.,2.5)) ;
#866=CARTESIAN_POINT('Axis2P3D Location',(89.,72.5,5.)) ;
#870=CARTESIAN_POINT('Vertex',(85.,72.5,5.)) ;
#872=CARTESIAN_POINT('Vertex',(93.,72.5,5.)) ;
#875=CARTESIAN_POINT('Axis2P3D Location',(89.,72.5,5.)) ;
#885=CARTESIAN_POINT('Axis2P3D Location',(89.,72.5,3.75)) ;
#890=CARTESIAN_POINT('Axis2P3D Location',(89.,72.5,2.5)) ;
#894=CARTESIAN_POINT('Vertex',(93.,72.5,2.5)) ;
#896=CARTESIAN_POINT('Vertex',(85.,72.5,2.5)) ;
#899=CARTESIAN_POINT('Line Origine',(85.,72.5,3.75)) ;
#904=CARTESIAN_POINT('Line Origine',(93.,72.5,3.75)) ;
#916=CARTESIAN_POINT('Axis2P3D Location',(89.,72.5,2.5)) ;
#935=CARTESIAN_POINT('Axis2P3D Location',(11.,69.7049560547,5.)) ;
#939=CARTESIAN_POINT('Vertex',(7.,69.7049560547,5.)) ;
#941=CARTESIAN_POINT('Vertex',(15.,69.7049560547,5.)) ;
#944=CARTESIAN_POINT('Axis2P3D Location',(11.,69.7049560547,5.)) ;
#954=CARTESIAN_POINT('Axis2P3D Location',(11.,69.7049560547,3.75)) ;
#959=CARTESIAN_POINT('Axis2P3D Location',(11.,69.7049560547,2.5)) ;
#963=CARTESIAN_POINT('Vertex',(15.,69.7049560547,2.5)) ;
#965=CARTESIAN_POINT('Vertex',(7.,69.7049560547,2.5)) ;
#968=CARTESIAN_POINT('Line Origine',(7.,69.7049560547,3.75)) ;
#973=CARTESIAN_POINT('Line Origine',(15.,69.7049560547,3.75)) ;
#985=CARTESIAN_POINT('Axis2P3D Location',(11.,69.7049560547,2.5)) ;
#1013=CARTESIAN_POINT('NONE',(0.,0.,0.)) ;
#1014=CARTESIAN_POINT('NONE',(-142.120602664,0.,0.)) ;
#1030=CARTESIAN_POINT('Axis2P3D Location',(20.,-3.42391530938,0.)) ;
#1035=CARTESIAN_POINT('Line Origine',(20.,-0.423915309384,5.19615242271)) ;
#1039=CARTESIAN_POINT('Vertex',(0.,-0.423915309384,5.19615242271)) ;
#1041=CARTESIAN_POINT('Vertex',(40.,-0.423915309384,5.19615242271)) ;
#1044=CARTESIAN_POINT('Axis2P3D Location',(0.,-3.42391530938,0.)) ;
#1048=CARTESIAN_POINT('Vertex',(0.,-0.423915309384,-5.19615242271)) ;
#1051=CARTESIAN_POINT('Line Origine',(20.,-0.423915309384,-5.19615242271)) ;
#1055=CARTESIAN_POINT('Vertex',(40.,-0.423915309384,-5.19615242271)) ;
#1058=CARTESIAN_POINT('Axis2P3D Location',(40.,-3.42391530938,0.)) ;
#1070=CARTESIAN_POINT('Axis2P3D Location',(20.,0.576084690616,-6.92820323028)) ;
#1075=CARTESIAN_POINT('Axis2P3D Location',(0.,0.576084690616,-6.92820323028)) ;
#1079=CARTESIAN_POINT('Vertex',(0.,1.57608469062,-5.19615242271)) ;
#1082=CARTESIAN_POINT('Line Origine',(20.,1.57608469062,-5.19615242271)) ;
#1086=CARTESIAN_POINT('Vertex',(40.,1.57608469062,-5.19615242271)) ;
#1089=CARTESIAN_POINT('Axis2P3D Location',(40.,0.576084690616,-6.92820323028)) ;
#1101=CARTESIAN_POINT('Axis2P3D Location',(20.,4.57608469062,0.)) ;
#1106=CARTESIAN_POINT('Axis2P3D Location',(0.,4.57608469062,0.)) ;
#1110=CARTESIAN_POINT('Vertex',(0.,1.57608469062,5.19615242271)) ;
#1113=CARTESIAN_POINT('Line Origine',(20.,1.57608469062,5.19615242271)) ;
#1117=CARTESIAN_POINT('Vertex',(40.,1.57608469062,5.19615242271)) ;
#1120=CARTESIAN_POINT('Axis2P3D Location',(40.,4.57608469062,0.)) ;
#1132=CARTESIAN_POINT('Axis2P3D Location',(20.,0.576084690616,6.92820323028)) ;
#1137=CARTESIAN_POINT('Axis2P3D Location',(0.,0.576084690616,6.92820323028)) ;
#1142=CARTESIAN_POINT('Axis2P3D Location',(40.,0.576084690616,6.92820323028)) ;
#1154=CARTESIAN_POINT('Axis2P3D Location',(0.,0.,0.)) ;
#1166=CARTESIAN_POINT('Axis2P3D Location',(40.,0.,0.)) ;
#1188=CARTESIAN_POINT('NONE',(0.,0.,0.)) ;
#1189=CARTESIAN_POINT('NONE',(-112.120602664,17.5,13.)) ;
#1205=CARTESIAN_POINT('Axis2P3D Location',(0.,0.,12.5)) ;
#1210=CARTESIAN_POINT('Line Origine',(4.,0.,12.5)) ;
#1214=CARTESIAN_POINT('Vertex',(4.,0.,0.)) ;
#1216=CARTESIAN_POINT('Vertex',(4.,0.,25.)) ;
#1219=CARTESIAN_POINT('Axis2P3D Location',(0.,0.,0.)) ;
#1223=CARTESIAN_POINT('Vertex',(-4.,4.89842541529E-016,0.)) ;
#1226=CARTESIAN_POINT('Line Origine',(-4.,4.89842541529E-016,12.5)) ;
#1230=CARTESIAN_POINT('Vertex',(-4.,4.89842541529E-016,25.)) ;
#1233=CARTESIAN_POINT('Axis2P3D Location',(0.,0.,25.)) ;
#1245=CARTESIAN_POINT('Axis2P3D Location',(0.,0.,0.)) ;
#1250=CARTESIAN_POINT('Axis2P3D Location',(0.,0.,25.)) ;
#1262=CARTESIAN_POINT('Axis2P3D Location',(0.,0.,0.)) ;
#1272=CARTESIAN_POINT('Axis2P3D Location',(0.,0.,25.)) ;
#1292=CARTESIAN_POINT('NONE',(0.,0.,0.)) ;
#1293=CARTESIAN_POINT('NONE',(-53.1206026637,72.5,2.5)) ;
#1309=CARTESIAN_POINT('Axis2P3D Location',(-8.95485711098,10.,0.)) ;
#1314=CARTESIAN_POINT('Axis2P3D Location',(-8.95485711098,20.,0.)) ;
#1318=CARTESIAN_POINT('Vertex',(-7.45485711098,20.,1.83690953073E-016)) ;
#1320=CARTESIAN_POINT('Vertex',(-10.454857111,20.,0.)) ;
#1323=CARTESIAN_POINT('Line Origine',(-10.454857111,10.,-3.67381906147E-016)) ;
#1327=CARTESIAN_POINT('Vertex',(-10.454857111,0.,0.)) ;
#1330=CARTESIAN_POINT('Axis2P3D Location',(-8.95485711098,0.,0.)) ;
#1334=CARTESIAN_POINT('Vertex',(-7.45485711098,0.,1.83690953073E-016)) ;
#1337=CARTESIAN_POINT('Line Origine',(-7.45485711098,10.,1.83690953073E-016)) ;
#1349=CARTESIAN_POINT('Axis2P3D Location',(-8.95485711098,20.,0.)) ;
#1354=CARTESIAN_POINT('Axis2P3D Location',(-8.95485711098,0.,0.)) ;
#1366=CARTESIAN_POINT('Axis2P3D Location',(0.,20.,0.)) ;
#1371=CARTESIAN_POINT('Axis2P3D Location',(-8.95485711098,20.,4.59391512527E-016)) ;
#1375=CARTESIAN_POINT('Vertex',(-21.454857111,20.,-2.60212437203E-015)) ;
#1377=CARTESIAN_POINT('Vertex',(3.54514288902,20.,-9.11208079145E-015)) ;
#1380=CARTESIAN_POINT('Axis2P3D Location',(-8.95485711098,20.,4.59391512527E-016)) ;
#1394=CARTESIAN_POINT('Axis2P3D Location',(-8.95485711098,15.,-5.3290705182E-015)) ;
#1399=CARTESIAN_POINT('Axis2P3D Location',(-21.454857111,15.,3.69149155688E-015)) ;
#1403=CARTESIAN_POINT('Vertex',(-26.454857111,15.,-1.98292445831E-014)) ;
#1407=CARTESIAN_POINT('Control Point',(-26.454857111,15.,7.9936057773E-015)) ;
#1408=CARTESIAN_POINT('Control Point',(-26.454857111,15.,2.05052327575)) ;
#1409=CARTESIAN_POINT('Control Point',(-26.1545252749,15.,4.1010465515)) ;
#1410=CARTESIAN_POINT('Control Point',(-25.5536885092,15.,6.09371873061)) ;
#1411=CARTESIAN_POINT('Control Point',(-23.7852358748,15.,9.84499607732)) ;
#1412=CARTESIAN_POINT('Control Point',(-21.0147661234,15.,12.9310945541)) ;
#1413=CARTESIAN_POINT('Control Point',(-19.4116571979,15.,14.2584185557)) ;
#1414=CARTESIAN_POINT('Control Point',(-15.8650307246,15.,16.404390818)) ;
#1415=CARTESIAN_POINT('Control Point',(-11.8518939518,15.,17.4429828583)) ;
#1416=CARTESIAN_POINT('Control Point',(-9.78235824829,15.,17.6625864507)) ;
#1417=CARTESIAN_POINT('Control Point',(-5.63970330251,15.,17.4891128553)) ;
#1418=CARTESIAN_POINT('Control Point',(-1.72093919796,15.,16.1345018482)) ;
#1419=CARTESIAN_POINT('Control Point',(0.124666698721,15.,15.1727624657)) ;
#1420=CARTESIAN_POINT('Control Point',(2.5573601242,15.,13.4068352903)) ;
#1421=CARTESIAN_POINT('Control Point',(4.54863586051,15.,11.1887468883)) ;
#1422=CARTESIAN_POINT('Control Point',(5.12039518793,15.,10.4603848917)) ;
#1423=CARTESIAN_POINT('Control Point',(5.64245364075,15.,9.69644093126)) ;
#1424=CARTESIAN_POINT('Control Point',(6.11208847575,15.,8.90152518879)) ;
#1425=CARTESIAN_POINT('Vertex',(6.11208847575,15.,8.90152518879)) ;
#1428=CARTESIAN_POINT('Axis2P3D Location',(-8.95485711098,15.,-5.3290705182E-015)) ;
#1432=CARTESIAN_POINT('Vertex',(8.54514288902,15.,-5.62850005319E-015)) ;
#1435=CARTESIAN_POINT('Axis2P3D Location',(3.54514288902,15.,9.15933995316E-016)) ;
#1448=CARTESIAN_POINT('Axis2P3D Location',(-8.95485711098,15.,8.881784197E-016)) ;
#1454=CARTESIAN_POINT('Control Point',(8.54514288902,15.,-1.7763568394E-015)) ;
#1455=CARTESIAN_POINT('Control Point',(8.54514288902,15.,-4.10224725208)) ;
#1456=CARTESIAN_POINT('Control Point',(7.34311199494,15.,-8.20449450415)) ;
#1457=CARTESIAN_POINT('Control Point',(4.93345979685,15.,-11.8343643899)) ;
#1458=CARTESIAN_POINT('Control Point',(-1.69455041107,15.,-17.2354035265)) ;
#1459=CARTESIAN_POINT('Control Point',(-10.1894361734,15.,-18.2049412199)) ;
#1460=CARTESIAN_POINT('Control Point',(-14.4682218349,15.,-17.3938747754)) ;
#1461=CARTESIAN_POINT('Control Point',(-19.0934023223,15.,-14.9369158459)) ;
#1462=CARTESIAN_POINT('Control Point',(-22.458207506,15.,-11.1889057034)) ;
#1463=CARTESIAN_POINT('Control Point',(-23.0302298264,15.,-10.4602086812)) ;
#1464=CARTESIAN_POINT('Control Point',(-23.5522220253,15.,-9.69634925425)) ;
#1465=CARTESIAN_POINT('Control Point',(-24.0218026977,15.,-8.90152518879)) ;
#1466=CARTESIAN_POINT('Vertex',(-24.0218026977,15.,-8.90152518879)) ;
#1469=CARTESIAN_POINT('Axis2P3D Location',(-8.95485711098,15.,8.881784197E-016)) ;
#1482=CARTESIAN_POINT('Axis2P3D Location',(0.,0.,0.)) ;
#1487=CARTESIAN_POINT('Axis2P3D Location',(-8.95485711098,0.,4.59391512527E-016)) ;
#1491=CARTESIAN_POINT('Vertex',(3.54514288902,0.,-9.11208079145E-015)) ;
#1493=CARTESIAN_POINT('Vertex',(-21.454857111,0.,-2.60212437203E-015)) ;
#1496=CARTESIAN_POINT('Axis2P3D Location',(-8.95485711098,0.,4.59391512527E-016)) ;
#1510=CARTESIAN_POINT('Axis2P3D Location',(-8.95485711098,5.,-5.3290705182E-015)) ;
#1515=CARTESIAN_POINT('Axis2P3D Location',(-21.454857111,5.,2.22044604925E-016)) ;
#1519=CARTESIAN_POINT('Vertex',(-26.454857111,5.,-1.98292445831E-014)) ;
#1522=CARTESIAN_POINT('Axis2P3D Location',(3.54514288902,5.,-4.63518112781E-015)) ;
#1526=CARTESIAN_POINT('Vertex',(8.54514288902,5.,-5.62850005319E-015)) ;
#1529=CARTESIAN_POINT('Axis2P3D Location',(-8.95485711098,5.,-5.3290705182E-015)) ;
#1533=CARTESIAN_POINT('Vertex',(6.11208847575,5.,8.90152518879)) ;
#1536=CARTESIAN_POINT('Axis2P3D Location',(-8.95485711098,5.,-5.3290705182E-015)) ;
#1549=CARTESIAN_POINT('Axis2P3D Location',(-8.95485711098,5.,3.5527136788E-015)) ;
#1554=CARTESIAN_POINT('Axis2P3D Location',(-8.95485711098,5.,3.5527136788E-015)) ;
#1558=CARTESIAN_POINT('Vertex',(-24.0218026977,5.,-8.90152518879)) ;
#1561=CARTESIAN_POINT('Axis2P3D Location',(-8.95485711098,5.,3.5527136788E-015)) ;
#1574=CARTESIAN_POINT('Axis2P3D Location',(-8.95485711098,10.,0.)) ;
#1579=CARTESIAN_POINT('Axis2P3D Location',(-8.95485711098,9.00062357759,0.)) ;
#1583=CARTESIAN_POINT('Vertex',(-26.454857111,9.00062357759,0.)) ;
#1585=CARTESIAN_POINT('Vertex',(-24.0217949486,9.00062357759,-8.90153830518)) ;
#1588=CARTESIAN_POINT('Axis2P3D Location',(-8.95485711098,9.00062357759,0.)) ;
#1592=CARTESIAN_POINT('Vertex',(8.54514288902,9.00062357759,2.14306111919E-015)) ;
#1595=CARTESIAN_POINT('Line Origine',(8.54514288902,10.,2.14306111919E-015)) ;
#1599=CARTESIAN_POINT('Vertex',(8.54514288902,6.99937642241,2.14306111919E-015)) ;
#1602=CARTESIAN_POINT('Axis2P3D Location',(-8.95485711098,6.99937642241,0.)) ;
#1606=CARTESIAN_POINT('Vertex',(-24.0217949486,6.99937642241,-8.90153830518)) ;
#1609=CARTESIAN_POINT('Axis2P3D Location',(-8.95485711098,6.99937642241,0.)) ;
#1613=CARTESIAN_POINT('Vertex',(-26.454857111,6.99937642241,0.)) ;
#1616=CARTESIAN_POINT('Line Origine',(-26.454857111,10.,-4.28612223838E-015)) ;
#1630=CARTESIAN_POINT('Axis2P3D Location',(-8.95485711098,10.9993764224,0.)) ;
#1634=CARTESIAN_POINT('Vertex',(8.54514288902,10.9993764224,2.14306111919E-015)) ;
#1636=CARTESIAN_POINT('Vertex',(-24.0217949486,10.9993764224,-8.90153830518)) ;
#1639=CARTESIAN_POINT('Axis2P3D Location',(-8.95485711098,10.9993764224,0.)) ;
#1643=CARTESIAN_POINT('Vertex',(-26.454857111,10.9993764224,0.)) ;
#1646=CARTESIAN_POINT('Line Origine',(-26.454857111,10.,-4.28612223838E-015)) ;
#1650=CARTESIAN_POINT('Vertex',(-26.454857111,13.0006235776,0.)) ;
#1653=CARTESIAN_POINT('Axis2P3D Location',(-8.95485711098,13.0006235776,0.)) ;
#1657=CARTESIAN_POINT('Vertex',(-24.0217949486,13.0006235776,-8.90153830518)) ;
#1660=CARTESIAN_POINT('Axis2P3D Location',(-8.95485711098,13.0006235776,0.)) ;
#1664=CARTESIAN_POINT('Vertex',(8.54514288902,13.0006235776,2.14306111919E-015)) ;
#1667=CARTESIAN_POINT('Line Origine',(8.54514288902,10.,2.14306111919E-015)) ;
#1681=CARTESIAN_POINT('Axis2P3D Location',(-8.95485711098,9.00062357759,0.)) ;
#1685=CARTESIAN_POINT('Vertex',(6.1120807266,9.00062357759,8.90153830518)) ;
#1688=CARTESIAN_POINT('Axis2P3D Location',(-8.95485711098,9.00062357759,0.)) ;
#1693=CARTESIAN_POINT('Axis2P3D Location',(-8.95485711098,6.99937642241,0.)) ;
#1697=CARTESIAN_POINT('Vertex',(6.1120807266,6.99937642241,8.90153830518)) ;
#1700=CARTESIAN_POINT('Axis2P3D Location',(-8.95485711098,6.99937642241,0.)) ;
#1714=CARTESIAN_POINT('Axis2P3D Location',(-8.95485711098,10.9993764224,0.)) ;
#1718=CARTESIAN_POINT('Vertex',(6.1120807266,10.9993764224,8.90153830518)) ;
#1721=CARTESIAN_POINT('Axis2P3D Location',(-8.95485711098,10.9993764224,0.)) ;
#1726=CARTESIAN_POINT('Axis2P3D Location',(-8.95485711098,13.0006235776,0.)) ;
#1730=CARTESIAN_POINT('Vertex',(6.1120807266,13.0006235776,8.90153830518)) ;
#1733=CARTESIAN_POINT('Axis2P3D Location',(-8.95485711098,13.0006235776,0.)) ;
#1748=CARTESIAN_POINT('Control Point',(0.,5.,15.)) ;
#1749=CARTESIAN_POINT('Control Point',(0.,5.,14.6858407346)) ;
#1750=CARTESIAN_POINT('Control Point',(0.,5.12337005501,14.3716814693)) ;
#1751=CARTESIAN_POINT('Control Point',(0.,5.37168146928,14.123370055)) ;
#1752=CARTESIAN_POINT('Control Point',(0.,6.,13.876629945)) ;
#1753=CARTESIAN_POINT('Control Point',(0.,6.62831853072,14.123370055)) ;
#1754=CARTESIAN_POINT('Control Point',(0.,6.87662994499,14.3716814693)) ;
#1755=CARTESIAN_POINT('Control Point',(0.,7.,14.6858407346)) ;
#1756=CARTESIAN_POINT('Control Point',(0.,7.,15.)) ;
#1757=CARTESIAN_POINT('Axis1P Location',(-8.95485711098,10.,3.5527136788E-015)) ;
#1762=CARTESIAN_POINT('Control Point',(-24.0048666349,5.,-8.8705512348)) ;
#1763=CARTESIAN_POINT('Control Point',(-23.8542506599,5.,-8.59485054187)) ;
#1764=CARTESIAN_POINT('Control Point',(-23.7036346848,5.12337005501,-8.31914984893)) ;
#1765=CARTESIAN_POINT('Control Point',(-23.5845878513,5.37168146928,-8.10123608185)) ;
#1766=CARTESIAN_POINT('Control Point',(-23.4662943412,6.,-7.88470126397)) ;
#1767=CARTESIAN_POINT('Control Point',(-23.5845878513,6.62831853072,-8.10123608185)) ;
#1768=CARTESIAN_POINT('Control Point',(-23.7036346848,6.87662994499,-8.31914984893)) ;
#1769=CARTESIAN_POINT('Control Point',(-23.8542506599,7.,-8.59485054187)) ;
#1770=CARTESIAN_POINT('Control Point',(-24.0048666349,7.,-8.8705512348)) ;
#1771=CARTESIAN_POINT('Vertex',(-24.0048666349,5.,-8.8705512348)) ;
#1773=CARTESIAN_POINT('Vertex',(-24.0048666349,7.,-8.8705512348)) ;
#1776=CARTESIAN_POINT('Axis2P3D Location',(-8.95485711098,7.,3.5527136788E-015)) ;
#1780=CARTESIAN_POINT('Vertex',(6.0951524129,7.,8.8705512348)) ;
#1784=CARTESIAN_POINT('Control Point',(6.0951524129,5.,8.8705512348)) ;
#1785=CARTESIAN_POINT('Control Point',(5.9445364379,5.,8.59485054187)) ;
#1786=CARTESIAN_POINT('Control Point',(5.79392046289,5.12337005501,8.31914984893)) ;
#1787=CARTESIAN_POINT('Control Point',(5.67487362937,5.37168146928,8.10123608185)) ;
#1788=CARTESIAN_POINT('Control Point',(5.55658011922,6.,7.88470126397)) ;
#1789=CARTESIAN_POINT('Control Point',(5.67487362937,6.62831853072,8.10123608185)) ;
#1790=CARTESIAN_POINT('Control Point',(5.79392046289,6.87662994499,8.31914984893)) ;
#1791=CARTESIAN_POINT('Control Point',(5.9445364379,7.,8.59485054187)) ;
#1792=CARTESIAN_POINT('Control Point',(6.0951524129,7.,8.8705512348)) ;
#1793=CARTESIAN_POINT('Vertex',(6.0951524129,5.,8.8705512348)) ;
#1796=CARTESIAN_POINT('Axis2P3D Location',(-8.95485711098,5.,3.5527136788E-015)) ;
#1809=CARTESIAN_POINT('Control Point',(0.,5.00062252615,15.0352798067)) ;
#1810=CARTESIAN_POINT('Control Point',(0.,5.00020755178,15.0235247526)) ;
#1811=CARTESIAN_POINT('Control Point',(0.,5.,15.0117623765)) ;
#1812=CARTESIAN_POINT('Control Point',(0.,5.,15.)) ;
#1813=CARTESIAN_POINT('Axis1P Location',(-8.95485711098,10.,3.5527136788E-015)) ;
#1818=CARTESIAN_POINT('Control Point',(-24.0217806752,5.00062252615,-8.90151217792)) ;
#1819=CARTESIAN_POINT('Control Point',(-24.016145002,5.00020755178,-8.89119614746)) ;
#1820=CARTESIAN_POINT('Control Point',(-24.0105058185,5.,-8.88087369126)) ;
#1821=CARTESIAN_POINT('Control Point',(-24.0048666349,5.,-8.8705512348)) ;
#1824=CARTESIAN_POINT('Control Point',(6.11206645321,5.00062252615,8.90151217792)) ;
#1825=CARTESIAN_POINT('Control Point',(6.10643078009,5.00020755178,8.89119614746)) ;
#1826=CARTESIAN_POINT('Control Point',(6.10079159657,5.,8.88087369126)) ;
#1827=CARTESIAN_POINT('Control Point',(6.0951524129,5.,8.8705512348)) ;
#1838=CARTESIAN_POINT('Control Point',(0.,5.,15.)) ;
#1839=CARTESIAN_POINT('Control Point',(0.,5.,14.6858407346)) ;
#1840=CARTESIAN_POINT('Control Point',(0.,5.12337005501,14.3716814693)) ;
#1841=CARTESIAN_POINT('Control Point',(0.,5.37168146928,14.123370055)) ;
#1842=CARTESIAN_POINT('Control Point',(0.,6.,13.876629945)) ;
#1843=CARTESIAN_POINT('Control Point',(0.,6.62831853072,14.123370055)) ;
#1844=CARTESIAN_POINT('Control Point',(0.,6.87662994499,14.3716814693)) ;
#1845=CARTESIAN_POINT('Control Point',(0.,7.,14.6858407346)) ;
#1846=CARTESIAN_POINT('Control Point',(0.,7.,15.)) ;
#1847=CARTESIAN_POINT('Axis1P Location',(-8.95485711098,10.,3.5527136788E-015)) ;
#1851=CARTESIAN_POINT('Axis2P3D Location',(-8.95485711098,7.,3.5527136788E-015)) ;
#1856=CARTESIAN_POINT('Axis2P3D Location',(-8.95485711098,5.,3.5527136788E-015)) ;
#1869=CARTESIAN_POINT('Control Point',(0.,7.,15.)) ;
#1870=CARTESIAN_POINT('Control Point',(0.,7.,15.0117723066)) ;
#1871=CARTESIAN_POINT('Control Point',(0.,6.99979209759,15.0235446129)) ;
#1872=CARTESIAN_POINT('Control Point',(0.,6.99937642241,15.0353095785)) ;
#1873=CARTESIAN_POINT('Axis1P Location',(-8.95485711098,10.,3.5527136788E-015)) ;
#1878=CARTESIAN_POINT('Control Point',(6.0951524129,7.,8.8705512348)) ;
#1879=CARTESIAN_POINT('Control Point',(6.10079635733,7.,8.88088240578)) ;
#1880=CARTESIAN_POINT('Control Point',(6.10644030161,6.99979209759,8.89121357649)) ;
#1881=CARTESIAN_POINT('Control Point',(6.1120807266,6.99937642241,8.90153830518)) ;
#1884=CARTESIAN_POINT('Control Point',(-24.0048666349,7.,-8.8705512348)) ;
#1885=CARTESIAN_POINT('Control Point',(-24.0105105793,7.,-8.88088240578)) ;
#1886=CARTESIAN_POINT('Control Point',(-24.0161545236,6.99979209759,-8.89121357649)) ;
#1887=CARTESIAN_POINT('Control Point',(-24.0217949486,6.99937642241,-8.90153830518)) ;
#1898=CARTESIAN_POINT('Control Point',(0.,5.00062252615,15.0352798067)) ;
#1899=CARTESIAN_POINT('Control Point',(0.,5.00020755178,15.0235247526)) ;
#1900=CARTESIAN_POINT('Control Point',(0.,5.,15.0117623765)) ;
#1901=CARTESIAN_POINT('Control Point',(0.,5.,15.)) ;
#1902=CARTESIAN_POINT('Axis1P Location',(-8.95485711098,10.,3.5527136788E-015)) ;
#1915=CARTESIAN_POINT('Control Point',(0.,7.,15.)) ;
#1916=CARTESIAN_POINT('Control Point',(0.,7.,15.0117723066)) ;
#1917=CARTESIAN_POINT('Control Point',(0.,6.99979209759,15.0235446129)) ;
#1918=CARTESIAN_POINT('Control Point',(0.,6.99937642241,15.0353095785)) ;
#1919=CARTESIAN_POINT('Axis1P Location',(-8.95485711098,10.,3.5527136788E-015)) ;
#1932=CARTESIAN_POINT('Control Point',(0.,9.,15.)) ;
#1933=CARTESIAN_POINT('Control Point',(0.,9.,14.6858407346)) ;
#1934=CARTESIAN_POINT('Control Point',(0.,9.12337005501,14.3716814693)) ;
#1935=CARTESIAN_POINT('Control Point',(0.,9.37168146928,14.123370055)) ;
#1936=CARTESIAN_POINT('Control Point',(0.,10.,13.876629945)) ;
#1937=CARTESIAN_POINT('Control Point',(0.,10.6283185307,14.123370055)) ;
#1938=CARTESIAN_POINT('Control Point',(0.,10.876629945,14.3716814693)) ;
#1939=CARTESIAN_POINT('Control Point',(0.,11.,14.6858407346)) ;
#1940=CARTESIAN_POINT('Control Point',(0.,11.,15.)) ;
#1941=CARTESIAN_POINT('Axis1P Location',(-8.95485711098,10.,3.5527136788E-015)) ;
#1946=CARTESIAN_POINT('Control Point',(-24.0048666349,9.,-8.8705512348)) ;
#1947=CARTESIAN_POINT('Control Point',(-23.8542506599,9.,-8.59485054187)) ;
#1948=CARTESIAN_POINT('Control Point',(-23.7036346848,9.12337005501,-8.31914984893)) ;
#1949=CARTESIAN_POINT('Control Point',(-23.5845878513,9.37168146928,-8.10123608185)) ;
#1950=CARTESIAN_POINT('Control Point',(-23.4662943412,10.,-7.88470126397)) ;
#1951=CARTESIAN_POINT('Control Point',(-23.5845878513,10.6283185307,-8.10123608185)) ;
#1952=CARTESIAN_POINT('Control Point',(-23.7036346848,10.876629945,-8.31914984893)) ;
#1953=CARTESIAN_POINT('Control Point',(-23.8542506599,11.,-8.59485054187)) ;
#1954=CARTESIAN_POINT('Control Point',(-24.0048666349,11.,-8.8705512348)) ;
#1955=CARTESIAN_POINT('Vertex',(-24.0048666349,9.,-8.8705512348)) ;
#1957=CARTESIAN_POINT('Vertex',(-24.0048666349,11.,-8.8705512348)) ;
#1960=CARTESIAN_POINT('Axis2P3D Location',(-8.95485711098,11.,3.5527136788E-015)) ;
#1964=CARTESIAN_POINT('Vertex',(6.0951524129,11.,8.8705512348)) ;
#1968=CARTESIAN_POINT('Control Point',(6.0951524129,9.,8.8705512348)) ;
#1969=CARTESIAN_POINT('Control Point',(5.9445364379,9.,8.59485054187)) ;
#1970=CARTESIAN_POINT('Control Point',(5.79392046289,9.12337005501,8.31914984893)) ;
#1971=CARTESIAN_POINT('Control Point',(5.67487362937,9.37168146928,8.10123608185)) ;
#1972=CARTESIAN_POINT('Control Point',(5.55658011922,10.,7.88470126397)) ;
#1973=CARTESIAN_POINT('Control Point',(5.67487362937,10.6283185307,8.10123608185)) ;
#1974=CARTESIAN_POINT('Control Point',(5.79392046289,10.876629945,8.31914984893)) ;
#1975=CARTESIAN_POINT('Control Point',(5.9445364379,11.,8.59485054187)) ;
#1976=CARTESIAN_POINT('Control Point',(6.0951524129,11.,8.8705512348)) ;
#1977=CARTESIAN_POINT('Vertex',(6.0951524129,9.,8.8705512348)) ;
#1980=CARTESIAN_POINT('Axis2P3D Location',(-8.95485711098,9.,3.5527136788E-015)) ;
#1993=CARTESIAN_POINT('Control Point',(0.,9.00062357759,15.0353095785)) ;
#1994=CARTESIAN_POINT('Control Point',(0.,9.00020790241,15.0235446129)) ;
#1995=CARTESIAN_POINT('Control Point',(0.,9.,15.0117723066)) ;
#1996=CARTESIAN_POINT('Control Point',(0.,9.,15.)) ;
#1997=CARTESIAN_POINT('Axis1P Location',(-8.95485711098,10.,3.5527136788E-015)) ;
#2002=CARTESIAN_POINT('Control Point',(-24.0217949486,9.00062357759,-8.90153830518)) ;
#2003=CARTESIAN_POINT('Control Point',(-24.0161545236,9.00020790241,-8.89121357649)) ;
#2004=CARTESIAN_POINT('Control Point',(-24.0105105793,9.,-8.88088240578)) ;
#2005=CARTESIAN_POINT('Control Point',(-24.0048666349,9.,-8.8705512348)) ;
#2008=CARTESIAN_POINT('Control Point',(6.1120807266,9.00062357759,8.90153830518)) ;
#2009=CARTESIAN_POINT('Control Point',(6.10644030161,9.00020790241,8.89121357649)) ;
#2010=CARTESIAN_POINT('Control Point',(6.10079635733,9.,8.88088240578)) ;
#2011=CARTESIAN_POINT('Control Point',(6.0951524129,9.,8.8705512348)) ;
#2022=CARTESIAN_POINT('Control Point',(0.,9.,15.)) ;
#2023=CARTESIAN_POINT('Control Point',(0.,9.,14.6858407346)) ;
#2024=CARTESIAN_POINT('Control Point',(0.,9.12337005501,14.3716814693)) ;
#2025=CARTESIAN_POINT('Control Point',(0.,9.37168146928,14.123370055)) ;
#2026=CARTESIAN_POINT('Control Point',(0.,10.,13.876629945)) ;
#2027=CARTESIAN_POINT('Control Point',(0.,10.6283185307,14.123370055)) ;
#2028=CARTESIAN_POINT('Control Point',(0.,10.876629945,14.3716814693)) ;
#2029=CARTESIAN_POINT('Control Point',(0.,11.,14.6858407346)) ;
#2030=CARTESIAN_POINT('Control Point',(0.,11.,15.)) ;
#2031=CARTESIAN_POINT('Axis1P Location',(-8.95485711098,10.,3.5527136788E-015)) ;
#2035=CARTESIAN_POINT('Axis2P3D Location',(-8.95485711098,11.,3.5527136788E-015)) ;
#2040=CARTESIAN_POINT('Axis2P3D Location',(-8.95485711098,9.,3.5527136788E-015)) ;
#2053=CARTESIAN_POINT('Control Point',(0.,11.,15.)) ;
#2054=CARTESIAN_POINT('Control Point',(0.,11.,15.0117723066)) ;
#2055=CARTESIAN_POINT('Control Point',(0.,10.9997920976,15.0235446129)) ;
#2056=CARTESIAN_POINT('Control Point',(0.,10.9993764224,15.0353095785)) ;
#2057=CARTESIAN_POINT('Axis1P Location',(-8.95485711098,10.,3.5527136788E-015)) ;
#2062=CARTESIAN_POINT('Control Point',(6.0951524129,11.,8.8705512348)) ;
#2063=CARTESIAN_POINT('Control Point',(6.10079635733,11.,8.88088240578)) ;
#2064=CARTESIAN_POINT('Control Point',(6.10644030161,10.9997920976,8.89121357649)) ;
#2065=CARTESIAN_POINT('Control Point',(6.1120807266,10.9993764224,8.90153830518)) ;
#2068=CARTESIAN_POINT('Control Point',(-24.0048666349,11.,-8.8705512348)) ;
#2069=CARTESIAN_POINT('Control Point',(-24.0105105793,11.,-8.88088240578)) ;
#2070=CARTESIAN_POINT('Control Point',(-24.0161545236,10.9997920976,-8.89121357649)) ;
#2071=CARTESIAN_POINT('Control Point',(-24.0217949486,10.9993764224,-8.90153830518)) ;
#2082=CARTESIAN_POINT('Control Point',(0.,9.00062357759,15.0353095785)) ;
#2083=CARTESIAN_POINT('Control Point',(0.,9.00020790241,15.0235446129)) ;
#2084=CARTESIAN_POINT('Control Point',(0.,9.,15.0117723066)) ;
#2085=CARTESIAN_POINT('Control Point',(0.,9.,15.)) ;
#2086=CARTESIAN_POINT('Axis1P Location',(-8.95485711098,10.,3.5527136788E-015)) ;
#2099=CARTESIAN_POINT('Control Point',(0.,11.,15.)) ;
#2100=CARTESIAN_POINT('Control Point',(0.,11.,15.0117723066)) ;
#2101=CARTESIAN_POINT('Control Point',(0.,10.9997920976,15.0235446129)) ;
#2102=CARTESIAN_POINT('Control Point',(0.,10.9993764224,15.0353095785)) ;
#2103=CARTESIAN_POINT('Axis1P Location',(-8.95485711098,10.,3.5527136788E-015)) ;
#2116=CARTESIAN_POINT('Control Point',(0.,13.,15.)) ;
#2117=CARTESIAN_POINT('Control Point',(0.,13.,14.6858407346)) ;
#2118=CARTESIAN_POINT('Control Point',(0.,13.123370055,14.3716814693)) ;
#2119=CARTESIAN_POINT('Control Point',(0.,13.3716814693,14.123370055)) ;
#2120=CARTESIAN_POINT('Control Point',(0.,14.,13.876629945)) ;
#2121=CARTESIAN_POINT('Control Point',(0.,14.6283185307,14.123370055)) ;
#2122=CARTESIAN_POINT('Control Point',(0.,14.876629945,14.3716814693)) ;
#2123=CARTESIAN_POINT('Control Point',(0.,15.,14.6858407346)) ;
#2124=CARTESIAN_POINT('Control Point',(0.,15.,15.)) ;
#2125=CARTESIAN_POINT('Axis1P Location',(-8.95485711098,10.,3.5527136788E-015)) ;
#2130=CARTESIAN_POINT('Control Point',(-24.0048666349,13.,-8.8705512348)) ;
#2131=CARTESIAN_POINT('Control Point',(-23.8542506599,13.,-8.59485054187)) ;
#2132=CARTESIAN_POINT('Control Point',(-23.7036346848,13.123370055,-8.31914984893)) ;
#2133=CARTESIAN_POINT('Control Point',(-23.5845878513,13.3716814693,-8.10123608185)) ;
#2134=CARTESIAN_POINT('Control Point',(-23.4662943412,14.,-7.88470126397)) ;
#2135=CARTESIAN_POINT('Control Point',(-23.5845878513,14.6283185307,-8.10123608185)) ;
#2136=CARTESIAN_POINT('Control Point',(-23.7036346848,14.876629945,-8.31914984893)) ;
#2137=CARTESIAN_POINT('Control Point',(-23.8542506599,15.,-8.59485054187)) ;
#2138=CARTESIAN_POINT('Control Point',(-24.0048666349,15.,-8.8705512348)) ;
#2139=CARTESIAN_POINT('Vertex',(-24.0048666349,13.,-8.8705512348)) ;
#2141=CARTESIAN_POINT('Vertex',(-24.0048666349,15.,-8.8705512348)) ;
#2144=CARTESIAN_POINT('Axis2P3D Location',(-8.95485711098,15.,3.5527136788E-015)) ;
#2148=CARTESIAN_POINT('Vertex',(6.0951524129,15.,8.8705512348)) ;
#2152=CARTESIAN_POINT('Control Point',(6.0951524129,13.,8.8705512348)) ;
#2153=CARTESIAN_POINT('Control Point',(5.9445364379,13.,8.59485054187)) ;
#2154=CARTESIAN_POINT('Control Point',(5.79392046289,13.123370055,8.31914984893)) ;
#2155=CARTESIAN_POINT('Control Point',(5.67487362937,13.3716814693,8.10123608185)) ;
#2156=CARTESIAN_POINT('Control Point',(5.55658011922,14.,7.88470126397)) ;
#2157=CARTESIAN_POINT('Control Point',(5.67487362937,14.6283185307,8.10123608185)) ;
#2158=CARTESIAN_POINT('Control Point',(5.79392046289,14.876629945,8.31914984893)) ;
#2159=CARTESIAN_POINT('Control Point',(5.9445364379,15.,8.59485054187)) ;
#2160=CARTESIAN_POINT('Control Point',(6.0951524129,15.,8.8705512348)) ;
#2161=CARTESIAN_POINT('Vertex',(6.0951524129,13.,8.8705512348)) ;
#2164=CARTESIAN_POINT('Axis2P3D Location',(-8.95485711098,13.,3.5527136788E-015)) ;
#2177=CARTESIAN_POINT('Control Point',(0.,13.0006235776,15.0353095785)) ;
#2178=CARTESIAN_POINT('Control Point',(0.,13.0002079024,15.0235446129)) ;
#2179=CARTESIAN_POINT('Control Point',(0.,13.,15.0117723066)) ;
#2180=CARTESIAN_POINT('Control Point',(0.,13.,15.)) ;
#2181=CARTESIAN_POINT('Axis1P Location',(-8.95485711098,10.,3.5527136788E-015)) ;
#2186=CARTESIAN_POINT('Control Point',(-24.0217949486,13.0006235776,-8.90153830518)) ;
#2187=CARTESIAN_POINT('Control Point',(-24.0161545236,13.0002079024,-8.89121357649)) ;
#2188=CARTESIAN_POINT('Control Point',(-24.0105105793,13.,-8.88088240578)) ;
#2189=CARTESIAN_POINT('Control Point',(-24.0048666349,13.,-8.8705512348)) ;
#2192=CARTESIAN_POINT('Control Point',(6.1120807266,13.0006235776,8.90153830518)) ;
#2193=CARTESIAN_POINT('Control Point',(6.10644030161,13.0002079024,8.89121357649)) ;
#2194=CARTESIAN_POINT('Control Point',(6.10079635733,13.,8.88088240578)) ;
#2195=CARTESIAN_POINT('Control Point',(6.0951524129,13.,8.8705512348)) ;
#2206=CARTESIAN_POINT('Control Point',(0.,13.,15.)) ;
#2207=CARTESIAN_POINT('Control Point',(0.,13.,14.6858407346)) ;
#2208=CARTESIAN_POINT('Control Point',(0.,13.123370055,14.3716814693)) ;
#2209=CARTESIAN_POINT('Control Point',(0.,13.3716814693,14.123370055)) ;
#2210=CARTESIAN_POINT('Control Point',(0.,14.,13.876629945)) ;
#2211=CARTESIAN_POINT('Control Point',(0.,14.6283185307,14.123370055)) ;
#2212=CARTESIAN_POINT('Control Point',(0.,14.876629945,14.3716814693)) ;
#2213=CARTESIAN_POINT('Control Point',(0.,15.,14.6858407346)) ;
#2214=CARTESIAN_POINT('Control Point',(0.,15.,15.)) ;
#2215=CARTESIAN_POINT('Axis1P Location',(-8.95485711098,10.,3.5527136788E-015)) ;
#2219=CARTESIAN_POINT('Axis2P3D Location',(-8.95485711098,15.,3.5527136788E-015)) ;
#2224=CARTESIAN_POINT('Axis2P3D Location',(-8.95485711098,13.,3.5527136788E-015)) ;
#2237=CARTESIAN_POINT('Control Point',(0.,15.,15.)) ;
#2238=CARTESIAN_POINT('Control Point',(0.,15.,15.0117623765)) ;
#2239=CARTESIAN_POINT('Control Point',(0.,14.9997924482,15.0235247526)) ;
#2240=CARTESIAN_POINT('Control Point',(0.,14.9993774739,15.0352798067)) ;
#2241=CARTESIAN_POINT('Axis1P Location',(-8.95485711098,10.,3.5527136788E-015)) ;
#2246=CARTESIAN_POINT('Control Point',(6.0951524129,15.,8.8705512348)) ;
#2247=CARTESIAN_POINT('Control Point',(6.10079159657,15.,8.88087369126)) ;
#2248=CARTESIAN_POINT('Control Point',(6.10643078009,14.9997924482,8.89119614746)) ;
#2249=CARTESIAN_POINT('Control Point',(6.11206645321,14.9993774739,8.90151217792)) ;
#2252=CARTESIAN_POINT('Control Point',(-24.0048666349,15.,-8.8705512348)) ;
#2253=CARTESIAN_POINT('Control Point',(-24.0105058185,15.,-8.88087369126)) ;
#2254=CARTESIAN_POINT('Control Point',(-24.016145002,14.9997924482,-8.89119614746)) ;
#2255=CARTESIAN_POINT('Control Point',(-24.0217806752,14.9993774739,-8.90151217792)) ;
#2266=CARTESIAN_POINT('Control Point',(0.,13.0006235776,15.0353095785)) ;
#2267=CARTESIAN_POINT('Control Point',(0.,13.0002079024,15.0235446129)) ;
#2268=CARTESIAN_POINT('Control Point',(0.,13.,15.0117723066)) ;
#2269=CARTESIAN_POINT('Control Point',(0.,13.,15.)) ;
#2270=CARTESIAN_POINT('Axis1P Location',(-8.95485711098,10.,3.5527136788E-015)) ;
#2283=CARTESIAN_POINT('Control Point',(0.,15.,15.)) ;
#2284=CARTESIAN_POINT('Control Point',(0.,15.,15.0117623765)) ;
#2285=CARTESIAN_POINT('Control Point',(0.,14.9997924482,15.0235247526)) ;
#2286=CARTESIAN_POINT('Control Point',(0.,14.9993774739,15.0352798067)) ;
#2287=CARTESIAN_POINT('Axis1P Location',(-8.95485711098,10.,3.5527136788E-015)) ;
#2309=CARTESIAN_POINT('NONE',(0.,0.,0.)) ;
#2310=CARTESIAN_POINT('NONE',(-15.1206026637,26.454857111,12.5)) ;
#2324=CARTESIAN_POINT('NONE',(0.,0.,0.)) ;
#2325=CARTESIAN_POINT('NONE',(-48.1206026637,5.,27.5)) ;
#2339=CARTESIAN_POINT('NONE',(0.,0.,0.)) ;
#2340=CARTESIAN_POINT('NONE',(-131.120602664,69.7049560547,27.5)) ;
#2354=CARTESIAN_POINT('NONE',(0.,0.,0.)) ;
#2355=CARTESIAN_POINT('NONE',(-136.120602664,5.,27.5)) ;
#2369=CARTESIAN_POINT('NONE',(0.,0.,0.)) ;
#2370=CARTESIAN_POINT('NONE',(-149.120602664,26.454857111,12.5)) ;
#2386=CARTESIAN_POINT('Axis2P3D Location',(-13.5,0.,0.)) ;
#2391=CARTESIAN_POINT('Axis2P3D Location',(-27.,0.,0.)) ;
#2395=CARTESIAN_POINT('Vertex',(-27.,1.5,0.)) ;
#2397=CARTESIAN_POINT('Vertex',(-27.,-1.5,1.83690953073E-016)) ;
#2400=CARTESIAN_POINT('Line Origine',(-13.5,-1.5,1.83690953073E-016)) ;
#2404=CARTESIAN_POINT('Vertex',(0.,-1.5,1.83690953073E-016)) ;
#2407=CARTESIAN_POINT('Axis2P3D Location',(0.,0.,0.)) ;
#2411=CARTESIAN_POINT('Vertex',(0.,1.5,0.)) ;
#2414=CARTESIAN_POINT('Line Origine',(-13.5,1.5,0.)) ;
#2426=CARTESIAN_POINT('Axis2P3D Location',(-27.,0.,0.)) ;
#2431=CARTESIAN_POINT('Axis2P3D Location',(0.,0.,0.)) ;
#2443=CARTESIAN_POINT('Axis2P3D Location',(-27.,0.,0.)) ;
#2453=CARTESIAN_POINT('Axis2P3D Location',(0.,0.,0.)) ;
#2458=CARTESIAN_POINT('Axis2P3D Location',(0.,0.,0.)) ;
#2462=CARTESIAN_POINT('Vertex',(0.,5.,3.31662479036)) ;
#2464=CARTESIAN_POINT('Vertex',(0.,-5.,3.31662479036)) ;
#2467=CARTESIAN_POINT('Line Origine',(0.,5.,4.4408920985E-016)) ;
#2471=CARTESIAN_POINT('Vertex',(0.,5.,-3.31662479036)) ;
#2474=CARTESIAN_POINT('Axis2P3D Location',(0.,0.,0.)) ;
#2478=CARTESIAN_POINT('Vertex',(0.,-5.,-3.31662479036)) ;
#2481=CARTESIAN_POINT('Line Origine',(0.,-5.,8.881784197E-016)) ;
#2497=CARTESIAN_POINT('Axis2P3D Location',(0.,5.,-8.7361946106)) ;
#2502=CARTESIAN_POINT('Line Origine',(13.,5.,3.31662479036)) ;
#2506=CARTESIAN_POINT('Vertex',(26.,5.,3.31662479036)) ;
#2509=CARTESIAN_POINT('Line Origine',(26.,5.,8.881784197E-016)) ;
#2513=CARTESIAN_POINT('Vertex',(26.,5.,-3.31662479036)) ;
#2516=CARTESIAN_POINT('Line Origine',(13.,5.,-3.31662479036)) ;
#2528=CARTESIAN_POINT('Axis2P3D Location',(0.,-5.,8.48239994049)) ;
#2533=CARTESIAN_POINT('Line Origine',(13.,-5.,-3.31662479036)) ;
#2537=CARTESIAN_POINT('Vertex',(26.,-5.,-3.31662479036)) ;
#2540=CARTESIAN_POINT('Line Origine',(26.,-5.,1.7763568394E-015)) ;
#2544=CARTESIAN_POINT('Vertex',(26.,-5.,3.31662479036)) ;
#2547=CARTESIAN_POINT('Line Origine',(13.,-5.,3.31662479036)) ;
#2559=CARTESIAN_POINT('Axis2P3D Location',(13.,0.,0.)) ;
#2564=CARTESIAN_POINT('Axis2P3D Location',(26.,0.,0.)) ;
#2576=CARTESIAN_POINT('Axis2P3D Location',(26.,0.,0.)) ;
#2588=CARTESIAN_POINT('Axis2P3D Location',(26.,0.,0.)) ;
#2610=CARTESIAN_POINT('NONE',(0.,0.,0.)) ;
#2611=CARTESIAN_POINT('NONE',(-142.120602664,17.5,12.5)) ;
#2625=CARTESIAN_POINT('NONE',(0.,0.,0.)) ;
#2626=CARTESIAN_POINT('NONE',(-42.1206026637,17.5,12.5)) ;
#64=DIRECTION('Axis2P3D Direction',(0.,0.,1.)) ;
#65=DIRECTION('Axis2P3D XDirection',(1.,0.,0.)) ;
#69=DIRECTION('Vector Direction',(0.,-1.,0.)) ;
#78=DIRECTION('Vector Direction',(-1.,0.,0.)) ;
#85=DIRECTION('Vector Direction',(0.,1.,0.)) ;
#92=DIRECTION('Vector Direction',(1.,0.,0.)) ;
#104=DIRECTION('Axis2P3D Direction',(-1.,0.,0.)) ;
#105=DIRECTION('Axis2P3D XDirection',(0.,-1.,0.)) ;
#109=DIRECTION('Vector Direction',(0.,0.,1.)) ;
#116=DIRECTION('Vector Direction',(0.,0.,1.)) ;
#123=DIRECTION('Vector Direction',(0.,-1.,0.)) ;
#130=DIRECTION('Vector Direction',(0.,0.,-1.)) ;
#137=DIRECTION('Axis2P3D Direction',(-1.,0.,0.)) ;
#144=DIRECTION('Vector Direction',(0.,0.,1.)) ;
#151=DIRECTION('Vector Direction',(0.,-1.,0.)) ;
#167=DIRECTION('Axis2P3D Direction',(0.,1.,-0.)) ;
#168=DIRECTION('Axis2P3D XDirection',(-1.,0.,0.)) ;
#172=DIRECTION('Vector Direction',(-1.,0.,0.)) ;
#179=DIRECTION('Vector Direction',(0.,0.,1.)) ;
#191=DIRECTION('Axis2P3D Direction',(1.,0.,0.)) ;
#192=DIRECTION('Axis2P3D XDirection',(0.,1.,0.)) ;
#196=DIRECTION('Vector Direction',(0.,0.,1.)) ;
#203=DIRECTION('Vector Direction',(0.,1.,0.)) ;
#210=DIRECTION('Vector Direction',(0.,0.,1.)) ;
#217=DIRECTION('Axis2P3D Direction',(1.,0.,0.)) ;
#224=DIRECTION('Vector Direction',(0.,0.,-1.)) ;
#231=DIRECTION('Vector Direction',(0.,1.,0.)) ;
#247=DIRECTION('Axis2P3D Direction',(0.,-1.,0.)) ;
#248=DIRECTION('Axis2P3D XDirection',(1.,0.,0.)) ;
#252=DIRECTION('Vector Direction',(1.,0.,0.)) ;
#264=DIRECTION('Axis2P3D Direction',(0.,1.,0.)) ;
#265=DIRECTION('Axis2P3D XDirection',(0.,0.,-1.)) ;
#269=DIRECTION('Vector Direction',(1.,0.,0.)) ;
#274=DIRECTION('Vector Direction',(-1.,0.,0.)) ;
#286=DIRECTION('Axis2P3D Direction',(1.,0.,0.)) ;
#287=DIRECTION('Axis2P3D XDirection',(0.,0.831683495989,0.55525)) ;
#291=DIRECTION('Vector Direction',(1.,0.,0.)) ;
#303=DIRECTION('Axis2P3D Direction',(0.,-1.,0.)) ;
#304=DIRECTION('Axis2P3D XDirection',(0.,0.,1.)) ;
#308=DIRECTION('Vector Direction',(1.,0.,0.)) ;
#320=DIRECTION('Vector Direction',(0.,-1.,0.)) ;
#329=DIRECTION('Vector Direction',(-1.,0.,0.)) ;
#336=DIRECTION('Vector Direction',(0.,1.,0.)) ;
#343=DIRECTION('Vector Direction',(1.,0.,0.)) ;
#355=DIRECTION('Axis2P3D Direction',(-1.,0.,0.)) ;
#356=DIRECTION('Axis2P3D XDirection',(0.,-1.,0.)) ;
#360=DIRECTION('Vector Direction',(0.,0.,1.)) ;
#367=DIRECTION('Vector Direction',(0.,0.,1.)) ;
#374=DIRECTION('Vector Direction',(0.,-1.,0.)) ;
#381=DIRECTION('Vector Direction',(0.,0.,-1.)) ;
#388=DIRECTION('Axis2P3D Direction',(-1.,0.,0.)) ;
#395=DIRECTION('Vector Direction',(0.,0.,1.)) ;
#402=DIRECTION('Vector Direction',(0.,-1.,0.)) ;
#418=DIRECTION('Vector Direction',(-1.,0.,0.)) ;
#425=DIRECTION('Vector Direction',(0.,0.,1.)) ;
#437=DIRECTION('Axis2P3D Direction',(1.,0.,0.)) ;
#438=DIRECTION('Axis2P3D XDirection',(0.,1.,0.)) ;
#442=DIRECTION('Vector Direction',(0.,0.,1.)) ;
#449=DIRECTION('Vector Direction',(0.,1.,0.)) ;
#456=DIRECTION('Vector Direction',(0.,0.,1.)) ;
#463=DIRECTION('Axis2P3D Direction',(1.,0.,0.)) ;
#470=DIRECTION('Vector Direction',(0.,0.,-1.)) ;
#477=DIRECTION('Vector Direction',(0.,1.,0.)) ;
#493=DIRECTION('Vector Direction',(1.,0.,0.)) ;
#505=DIRECTION('Vector Direction',(1.,0.,0.)) ;
#510=DIRECTION('Vector Direction',(-1.,0.,0.)) ;
#522=DIRECTION('Vector Direction',(1.,0.,0.)) ;
#534=DIRECTION('Vector Direction',(1.,0.,0.)) ;
#546=DIRECTION('Axis2P3D Direction',(-1.,0.,0.)) ;
#547=DIRECTION('Axis2P3D XDirection',(0.,-1.,0.)) ;
#551=DIRECTION('Vector Direction',(0.,0.,1.)) ;
#560=DIRECTION('Vector Direction',(0.,-1.,0.)) ;
#567=DIRECTION('Vector Direction',(0.,0.,1.)) ;
#574=DIRECTION('Vector Direction',(0.,-1.,0.)) ;
#586=DIRECTION('Axis2P3D Direction',(0.,0.,1.)) ;
#587=DIRECTION('Axis2P3D XDirection',(1.,0.,0.)) ;
#591=DIRECTION('Axis2P3D Direction',(0.,0.,1.)) ;
#598=DIRECTION('Vector Direction',(0.,0.,1.)) ;
#605=DIRECTION('Axis2P3D Direction',(0.,0.,1.)) ;
#617=DIRECTION('Axis2P3D Direction',(1.,0.,0.)) ;
#618=DIRECTION('Axis2P3D XDirection',(0.,1.,0.)) ;
#622=DIRECTION('Vector Direction',(0.,1.,0.)) ;
#629=DIRECTION('Vector Direction',(0.,0.,1.)) ;
#636=DIRECTION('Vector Direction',(0.,1.,0.)) ;
#648=DIRECTION('Axis2P3D Direction',(0.,0.,1.)) ;
#649=DIRECTION('Axis2P3D XDirection',(-0.384615384615,-0.923076923077,-0.)) ;
#653=DIRECTION('Axis2P3D Direction',(0.,0.,1.)) ;
#658=DIRECTION('Axis2P3D Direction',(0.,0.,1.)) ;
#670=DIRECTION('Axis2P3D Direction',(0.,0.,1.)) ;
#671=DIRECTION('Axis2P3D XDirection',(1.,0.,0.)) ;
#706=DIRECTION('Axis2P3D Direction',(0.,0.,1.)) ;
#707=DIRECTION('Axis2P3D XDirection',(1.,0.,0.)) ;
#719=DIRECTION('Axis2P3D Direction',(0.,0.,1.)) ;
#720=DIRECTION('Axis2P3D XDirection',(1.,0.,0.)) ;
#724=DIRECTION('Axis2P3D Direction',(0.,0.,1.)) ;
#733=DIRECTION('Axis2P3D Direction',(0.,0.,1.)) ;
#743=DIRECTION('Axis2P3D Direction',(0.,0.,1.)) ;
#744=DIRECTION('Axis2P3D XDirection',(1.,0.,0.)) ;
#748=DIRECTION('Axis2P3D Direction',(0.,0.,1.)) ;
#757=DIRECTION('Vector Direction',(0.,0.,1.)) ;
#762=DIRECTION('Vector Direction',(0.,0.,1.)) ;
#774=DIRECTION('Axis2P3D Direction',(0.,0.,1.)) ;
#786=DIRECTION('Axis2P3D Direction',(0.,0.,1.)) ;
#787=DIRECTION('Axis2P3D XDirection',(1.,0.,0.)) ;
#798=DIRECTION('Axis2P3D Direction',(0.,0.,1.)) ;
#807=DIRECTION('Axis2P3D Direction',(0.,0.,1.)) ;
#817=DIRECTION('Axis2P3D Direction',(0.,0.,1.)) ;
#818=DIRECTION('Axis2P3D XDirection',(1.,0.,0.)) ;
#822=DIRECTION('Axis2P3D Direction',(0.,0.,1.)) ;
#831=DIRECTION('Vector Direction',(0.,0.,1.)) ;
#836=DIRECTION('Vector Direction',(0.,0.,1.)) ;
#848=DIRECTION('Axis2P3D Direction',(0.,0.,1.)) ;
#867=DIRECTION('Axis2P3D Direction',(0.,0.,1.)) ;
#876=DIRECTION('Axis2P3D Direction',(0.,0.,1.)) ;
#886=DIRECTION('Axis2P3D Direction',(0.,0.,1.)) ;
#887=DIRECTION('Axis2P3D XDirection',(1.,0.,0.)) ;
#891=DIRECTION('Axis2P3D Direction',(0.,0.,1.)) ;
#900=DIRECTION('Vector Direction',(0.,0.,1.)) ;
#905=DIRECTION('Vector Direction',(0.,0.,1.)) ;
#917=DIRECTION('Axis2P3D Direction',(0.,0.,1.)) ;
#936=DIRECTION('Axis2P3D Direction',(0.,0.,1.)) ;
#945=DIRECTION('Axis2P3D Direction',(0.,0.,1.)) ;
#955=DIRECTION('Axis2P3D Direction',(0.,0.,1.)) ;
#956=DIRECTION('Axis2P3D XDirection',(1.,0.,0.)) ;
#960=DIRECTION('Axis2P3D Direction',(0.,0.,1.)) ;
#969=DIRECTION('Vector Direction',(0.,0.,1.)) ;
#974=DIRECTION('Vector Direction',(0.,0.,1.)) ;
#986=DIRECTION('Axis2P3D Direction',(0.,0.,1.)) ;
#1015=DIRECTION('NONE',(1.,0.,0.)) ;
#1016=DIRECTION('NONE',(0.,0.,1.)) ;
#1017=DIRECTION('NONE',(1.,0.,0.)) ;
#1018=DIRECTION('NONE',(0.,0.,1.)) ;
#1031=DIRECTION('Axis2P3D Direction',(1.,0.,0.)) ;
#1032=DIRECTION('Axis2P3D XDirection',(0.,0.5,0.866025403784)) ;
#1036=DIRECTION('Vector Direction',(1.,0.,0.)) ;
#1045=DIRECTION('Axis2P3D Direction',(1.,0.,0.)) ;
#1052=DIRECTION('Vector Direction',(1.,0.,0.)) ;
#1059=DIRECTION('Axis2P3D Direction',(1.,0.,0.)) ;
#1071=DIRECTION('Axis2P3D Direction',(1.,0.,0.)) ;
#1072=DIRECTION('Axis2P3D XDirection',(0.,0.5,0.866025403784)) ;
#1076=DIRECTION('Axis2P3D Direction',(1.,0.,0.)) ;
#1083=DIRECTION('Vector Direction',(1.,0.,0.)) ;
#1090=DIRECTION('Axis2P3D Direction',(1.,0.,0.)) ;
#1102=DIRECTION('Axis2P3D Direction',(1.,0.,0.)) ;
#1103=DIRECTION('Axis2P3D XDirection',(-0.,-0.5,-0.866025403784)) ;
#1107=DIRECTION('Axis2P3D Direction',(1.,0.,0.)) ;
#1114=DIRECTION('Vector Direction',(1.,0.,0.)) ;
#1121=DIRECTION('Axis2P3D Direction',(1.,0.,0.)) ;
#1133=DIRECTION('Axis2P3D Direction',(1.,0.,0.)) ;
#1134=DIRECTION('Axis2P3D XDirection',(-0.,-0.5,-0.866025403784)) ;
#1138=DIRECTION('Axis2P3D Direction',(1.,0.,0.)) ;
#1143=DIRECTION('Axis2P3D Direction',(1.,0.,0.)) ;
#1155=DIRECTION('Axis2P3D Direction',(1.,0.,0.)) ;
#1156=DIRECTION('Axis2P3D XDirection',(0.,1.,0.)) ;
#1167=DIRECTION('Axis2P3D Direction',(1.,0.,0.)) ;
#1168=DIRECTION('Axis2P3D XDirection',(0.,1.,0.)) ;
#1190=DIRECTION('NONE',(1.,0.,0.)) ;
#1191=DIRECTION('NONE',(0.,0.,1.)) ;
#1192=DIRECTION('NONE',(1.,0.,0.)) ;
#1193=DIRECTION('NONE',(0.,0.,1.)) ;
#1206=DIRECTION('Axis2P3D Direction',(0.,0.,1.)) ;
#1207=DIRECTION('Axis2P3D XDirection',(1.,0.,0.)) ;
#1211=DIRECTION('Vector Direction',(0.,0.,1.)) ;
#1220=DIRECTION('Axis2P3D Direction',(0.,0.,1.)) ;
#1227=DIRECTION('Vector Direction',(0.,0.,1.)) ;
#1234=DIRECTION('Axis2P3D Direction',(0.,0.,1.)) ;
#1246=DIRECTION('Axis2P3D Direction',(0.,0.,1.)) ;
#1251=DIRECTION('Axis2P3D Direction',(0.,0.,1.)) ;
#1263=DIRECTION('Axis2P3D Direction',(0.,0.,1.)) ;
#1264=DIRECTION('Axis2P3D XDirection',(1.,0.,0.)) ;
#1273=DIRECTION('Axis2P3D Direction',(0.,0.,1.)) ;
#1274=DIRECTION('Axis2P3D XDirection',(1.,0.,0.)) ;
#1294=DIRECTION('NONE',(1.,0.,0.)) ;
#1295=DIRECTION('NONE',(0.,0.,1.)) ;
#1296=DIRECTION('NONE',(1.,0.,0.)) ;
#1297=DIRECTION('NONE',(0.,0.,1.)) ;
#1310=DIRECTION('Axis2P3D Direction',(0.,1.,0.)) ;
#1311=DIRECTION('Axis2P3D XDirection',(-1.,0.,0.)) ;
#1315=DIRECTION('Axis2P3D Direction',(0.,1.,0.)) ;
#1324=DIRECTION('Vector Direction',(0.,1.,0.)) ;
#1331=DIRECTION('Axis2P3D Direction',(0.,1.,0.)) ;
#1338=DIRECTION('Vector Direction',(0.,1.,0.)) ;
#1350=DIRECTION('Axis2P3D Direction',(0.,1.,0.)) ;
#1355=DIRECTION('Axis2P3D Direction',(0.,1.,0.)) ;
#1367=DIRECTION('Axis2P3D Direction',(0.,1.,0.)) ;
#1368=DIRECTION('Axis2P3D XDirection',(-1.,0.,0.)) ;
#1372=DIRECTION('Axis2P3D Direction',(0.,1.,0.)) ;
#1381=DIRECTION('Axis2P3D Direction',(0.,1.,0.)) ;
#1395=DIRECTION('Axis2P3D Direction',(0.,1.,0.)) ;
#1396=DIRECTION('Axis2P3D XDirection',(-1.,0.,4.06024420434E-016)) ;
#1400=DIRECTION('Axis2P3D Direction',(-7.21644966006E-016,0.,-1.)) ;
#1429=DIRECTION('Axis2P3D Direction',(0.,1.,0.)) ;
#1436=DIRECTION('Axis2P3D Direction',(-4.99600361081E-016,0.,1.)) ;
#1449=DIRECTION('Axis2P3D Direction',(-0.,1.,0.)) ;
#1450=DIRECTION('Axis2P3D XDirection',(1.,0.,-1.52259157663E-016)) ;
#1470=DIRECTION('Axis2P3D Direction',(-0.,1.,0.)) ;
#1483=DIRECTION('Axis2P3D Direction',(0.,1.,0.)) ;
#1484=DIRECTION('Axis2P3D XDirection',(-1.,0.,0.)) ;
#1488=DIRECTION('Axis2P3D Direction',(0.,1.,0.)) ;
#1497=DIRECTION('Axis2P3D Direction',(0.,1.,0.)) ;
#1511=DIRECTION('Axis2P3D Direction',(0.,1.,0.)) ;
#1512=DIRECTION('Axis2P3D XDirection',(-1.,0.,4.97379915032E-016)) ;
#1516=DIRECTION('Axis2P3D Direction',(-4.4408920985E-016,0.,-1.)) ;
#1523=DIRECTION('Axis2P3D Direction',(-5.55111512313E-017,0.,1.)) ;
#1530=DIRECTION('Axis2P3D Direction',(0.,1.,0.)) ;
#1537=DIRECTION('Axis2P3D Direction',(0.,1.,0.)) ;
#1550=DIRECTION('Axis2P3D Direction',(-0.,1.,0.)) ;
#1551=DIRECTION('Axis2P3D XDirection',(1.,0.,3.5527136788E-016)) ;
#1555=DIRECTION('Axis2P3D Direction',(-0.,1.,0.)) ;
#1562=DIRECTION('Axis2P3D Direction',(-0.,1.,0.)) ;
#1575=DIRECTION('Axis2P3D Direction',(0.,1.,0.)) ;
#1576=DIRECTION('Axis2P3D XDirection',(-1.,0.,0.)) ;
#1580=DIRECTION('Axis2P3D Direction',(0.,1.,0.)) ;
#1589=DIRECTION('Axis2P3D Direction',(0.,1.,0.)) ;
#1596=DIRECTION('Vector Direction',(0.,1.,0.)) ;
#1603=DIRECTION('Axis2P3D Direction',(0.,1.,0.)) ;
#1610=DIRECTION('Axis2P3D Direction',(0.,1.,0.)) ;
#1617=DIRECTION('Vector Direction',(0.,1.,0.)) ;
#1631=DIRECTION('Axis2P3D Direction',(0.,1.,0.)) ;
#1640=DIRECTION('Axis2P3D Direction',(0.,1.,0.)) ;
#1647=DIRECTION('Vector Direction',(0.,1.,0.)) ;
#1654=DIRECTION('Axis2P3D Direction',(0.,1.,0.)) ;
#1661=DIRECTION('Axis2P3D Direction',(0.,1.,0.)) ;
#1668=DIRECTION('Vector Direction',(0.,1.,0.)) ;
#1682=DIRECTION('Axis2P3D Direction',(0.,1.,0.)) ;
#1689=DIRECTION('Axis2P3D Direction',(0.,1.,0.)) ;
#1694=DIRECTION('Axis2P3D Direction',(0.,1.,0.)) ;
#1701=DIRECTION('Axis2P3D Direction',(0.,1.,0.)) ;
#1715=DIRECTION('Axis2P3D Direction',(0.,1.,0.)) ;
#1722=DIRECTION('Axis2P3D Direction',(0.,1.,0.)) ;
#1727=DIRECTION('Axis2P3D Direction',(0.,1.,0.)) ;
#1734=DIRECTION('Axis2P3D Direction',(0.,1.,0.)) ;
#1758=DIRECTION('Axis1P Direction',(0.,1.,0.)) ;
#1777=DIRECTION('Axis2P3D Direction',(0.,1.,0.)) ;
#1797=DIRECTION('Axis2P3D Direction',(0.,1.,0.)) ;
#1814=DIRECTION('Axis1P Direction',(0.,1.,0.)) ;
#1848=DIRECTION('Axis1P Direction',(0.,1.,0.)) ;
#1852=DIRECTION('Axis2P3D Direction',(0.,1.,0.)) ;
#1857=DIRECTION('Axis2P3D Direction',(0.,1.,0.)) ;
#1874=DIRECTION('Axis1P Direction',(0.,1.,0.)) ;
#1903=DIRECTION('Axis1P Direction',(0.,1.,0.)) ;
#1920=DIRECTION('Axis1P Direction',(0.,1.,0.)) ;
#1942=DIRECTION('Axis1P Direction',(0.,1.,0.)) ;
#1961=DIRECTION('Axis2P3D Direction',(0.,1.,0.)) ;
#1981=DIRECTION('Axis2P3D Direction',(0.,1.,0.)) ;
#1998=DIRECTION('Axis1P Direction',(0.,1.,0.)) ;
#2032=DIRECTION('Axis1P Direction',(0.,1.,0.)) ;
#2036=DIRECTION('Axis2P3D Direction',(0.,1.,0.)) ;
#2041=DIRECTION('Axis2P3D Direction',(0.,1.,0.)) ;
#2058=DIRECTION('Axis1P Direction',(0.,1.,0.)) ;
#2087=DIRECTION('Axis1P Direction',(0.,1.,0.)) ;
#2104=DIRECTION('Axis1P Direction',(0.,1.,0.)) ;
#2126=DIRECTION('Axis1P Direction',(0.,1.,0.)) ;
#2145=DIRECTION('Axis2P3D Direction',(0.,1.,0.)) ;
#2165=DIRECTION('Axis2P3D Direction',(0.,1.,0.)) ;
#2182=DIRECTION('Axis1P Direction',(0.,1.,0.)) ;
#2216=DIRECTION('Axis1P Direction',(0.,1.,0.)) ;
#2220=DIRECTION('Axis2P3D Direction',(0.,1.,0.)) ;
#2225=DIRECTION('Axis2P3D Direction',(0.,1.,0.)) ;
#2242=DIRECTION('Axis1P Direction',(0.,1.,0.)) ;
#2271=DIRECTION('Axis1P Direction',(0.,1.,0.)) ;
#2288=DIRECTION('Axis1P Direction',(0.,1.,0.)) ;
#2311=DIRECTION('NONE',(1.,0.,0.)) ;
#2312=DIRECTION('NONE',(0.,0.,1.)) ;
#2313=DIRECTION('NONE',(3.46944695195E-018,1.,0.)) ;
#2314=DIRECTION('NONE',(0.,0.,1.)) ;
#2326=DIRECTION('NONE',(1.,0.,0.)) ;
#2327=DIRECTION('NONE',(0.,0.,1.)) ;
#2328=DIRECTION('NONE',(1.,0.,0.)) ;
#2329=DIRECTION('NONE',(0.,0.,-1.)) ;
#2341=DIRECTION('NONE',(1.,0.,0.)) ;
#2342=DIRECTION('NONE',(0.,0.,1.)) ;
#2343=DIRECTION('NONE',(1.,0.,0.)) ;
#2344=DIRECTION('NONE',(0.,0.,-1.)) ;
#2356=DIRECTION('NONE',(1.,0.,0.)) ;
#2357=DIRECTION('NONE',(0.,0.,1.)) ;
#2358=DIRECTION('NONE',(1.,0.,0.)) ;
#2359=DIRECTION('NONE',(0.,0.,-1.)) ;
#2371=DIRECTION('NONE',(1.,0.,0.)) ;
#2372=DIRECTION('NONE',(0.,0.,1.)) ;
#2373=DIRECTION('NONE',(0.,1.,0.)) ;
#2374=DIRECTION('NONE',(0.,0.,1.)) ;
#2387=DIRECTION('Axis2P3D Direction',(1.,0.,0.)) ;
#2388=DIRECTION('Axis2P3D XDirection',(0.,1.,0.)) ;
#2392=DIRECTION('Axis2P3D Direction',(1.,0.,0.)) ;
#2401=DIRECTION('Vector Direction',(1.,0.,0.)) ;
#2408=DIRECTION('Axis2P3D Direction',(1.,0.,0.)) ;
#2415=DIRECTION('Vector Direction',(1.,0.,0.)) ;
#2427=DIRECTION('Axis2P3D Direction',(1.,0.,0.)) ;
#2432=DIRECTION('Axis2P3D Direction',(1.,0.,0.)) ;
#2444=DIRECTION('Axis2P3D Direction',(1.,0.,0.)) ;
#2445=DIRECTION('Axis2P3D XDirection',(0.,1.,0.)) ;
#2454=DIRECTION('Axis2P3D Direction',(1.,0.,0.)) ;
#2455=DIRECTION('Axis2P3D XDirection',(0.,1.,0.)) ;
#2459=DIRECTION('Axis2P3D Direction',(1.,0.,0.)) ;
#2468=DIRECTION('Vector Direction',(0.,0.,1.)) ;
#2475=DIRECTION('Axis2P3D Direction',(1.,0.,0.)) ;
#2482=DIRECTION('Vector Direction',(0.,0.,-1.)) ;
#2498=DIRECTION('Axis2P3D Direction',(0.,1.,0.)) ;
#2499=DIRECTION('Axis2P3D XDirection',(0.,0.,1.)) ;
#2503=DIRECTION('Vector Direction',(1.,0.,0.)) ;
#2510=DIRECTION('Vector Direction',(0.,0.,1.)) ;
#2517=DIRECTION('Vector Direction',(1.,0.,0.)) ;
#2529=DIRECTION('Axis2P3D Direction',(0.,-1.,0.)) ;
#2530=DIRECTION('Axis2P3D XDirection',(0.,-0.,-1.)) ;
#2534=DIRECTION('Vector Direction',(1.,0.,0.)) ;
#2541=DIRECTION('Vector Direction',(0.,0.,-1.)) ;
#2548=DIRECTION('Vector Direction',(1.,0.,0.)) ;
#2560=DIRECTION('Axis2P3D Direction',(1.,0.,0.)) ;
#2561=DIRECTION('Axis2P3D XDirection',(0.,1.,0.)) ;
#2565=DIRECTION('Axis2P3D Direction',(1.,0.,0.)) ;
#2577=DIRECTION('Axis2P3D Direction',(1.,0.,0.)) ;
#2589=DIRECTION('Axis2P3D Direction',(1.,0.,0.)) ;
#2590=DIRECTION('Axis2P3D XDirection',(0.,1.,0.)) ;
#2612=DIRECTION('NONE',(1.,0.,0.)) ;
#2613=DIRECTION('NONE',(0.,0.,1.)) ;
#2614=DIRECTION('NONE',(1.,0.,0.)) ;
#2615=DIRECTION('NONE',(0.,0.,1.)) ;
#2627=DIRECTION('NONE',(1.,0.,0.)) ;
#2628=DIRECTION('NONE',(0.,0.,1.)) ;
#2629=DIRECTION('NONE',(-1.,3.46944695195E-018,0.)) ;
#2630=DIRECTION('NONE',(0.,0.,1.)) ;
#66=AXIS2_PLACEMENT_3D('Plane Axis2P3D',#63,#64,#65) ;
#106=AXIS2_PLACEMENT_3D('Plane Axis2P3D',#103,#104,#105) ;
#138=AXIS2_PLACEMENT_3D('Circle Axis2P3D',#136,#137,$) ;
#169=AXIS2_PLACEMENT_3D('Plane Axis2P3D',#166,#167,#168) ;
#193=AXIS2_PLACEMENT_3D('Plane Axis2P3D',#190,#191,#192) ;
#218=AXIS2_PLACEMENT_3D('Circle Axis2P3D',#216,#217,$) ;
#249=AXIS2_PLACEMENT_3D('Plane Axis2P3D',#246,#247,#248) ;
#266=AXIS2_PLACEMENT_3D('Plane Axis2P3D',#263,#264,#265) ;
#288=AXIS2_PLACEMENT_3D('Cylinder Axis2P3D',#285,#286,#287) ;
#305=AXIS2_PLACEMENT_3D('Plane Axis2P3D',#302,#303,#304) ;
#357=AXIS2_PLACEMENT_3D('Plane Axis2P3D',#354,#355,#356) ;
#389=AXIS2_PLACEMENT_3D('Circle Axis2P3D',#387,#388,$) ;
#439=AXIS2_PLACEMENT_3D('Plane Axis2P3D',#436,#437,#438) ;
#464=AXIS2_PLACEMENT_3D('Circle Axis2P3D',#462,#463,$) ;
#548=AXIS2_PLACEMENT_3D('Plane Axis2P3D',#545,#546,#547) ;
#588=AXIS2_PLACEMENT_3D('Cylinder Axis2P3D',#585,#586,#587) ;
#592=AXIS2_PLACEMENT_3D('Circle Axis2P3D',#590,#591,$) ;
#606=AXIS2_PLACEMENT_3D('Circle Axis2P3D',#604,#605,$) ;
#619=AXIS2_PLACEMENT_3D('Plane Axis2P3D',#616,#617,#618) ;
#650=AXIS2_PLACEMENT_3D('Cylinder Axis2P3D',#647,#648,#649) ;
#654=AXIS2_PLACEMENT_3D('Circle Axis2P3D',#652,#653,$) ;
#659=AXIS2_PLACEMENT_3D('Circle Axis2P3D',#657,#658,$) ;
#672=AXIS2_PLACEMENT_3D('Plane Axis2P3D',#669,#670,#671) ;
#708=AXIS2_PLACEMENT_3D('Plane Axis2P3D',#705,#706,#707) ;
#721=AXIS2_PLACEMENT_3D('Plane Axis2P3D',#718,#719,#720) ;
#725=AXIS2_PLACEMENT_3D('Circle Axis2P3D',#723,#724,$) ;
#734=AXIS2_PLACEMENT_3D('Circle Axis2P3D',#732,#733,$) ;
#745=AXIS2_PLACEMENT_3D('Cylinder Axis2P3D',#742,#743,#744) ;
#749=AXIS2_PLACEMENT_3D('Circle Axis2P3D',#747,#748,$) ;
#775=AXIS2_PLACEMENT_3D('Circle Axis2P3D',#773,#774,$) ;
#788=AXIS2_PLACEMENT_3D('Plane Axis2P3D',#785,#786,#787) ;
#799=AXIS2_PLACEMENT_3D('Circle Axis2P3D',#797,#798,$) ;
#808=AXIS2_PLACEMENT_3D('Circle Axis2P3D',#806,#807,$) ;
#819=AXIS2_PLACEMENT_3D('Cylinder Axis2P3D',#816,#817,#818) ;
#823=AXIS2_PLACEMENT_3D('Circle Axis2P3D',#821,#822,$) ;
#849=AXIS2_PLACEMENT_3D('Circle Axis2P3D',#847,#848,$) ;
#868=AXIS2_PLACEMENT_3D('Circle Axis2P3D',#866,#867,$) ;
#877=AXIS2_PLACEMENT_3D('Circle Axis2P3D',#875,#876,$) ;
#888=AXIS2_PLACEMENT_3D('Cylinder Axis2P3D',#885,#886,#887) ;
#892=AXIS2_PLACEMENT_3D('Circle Axis2P3D',#890,#891,$) ;
#918=AXIS2_PLACEMENT_3D('Circle Axis2P3D',#916,#917,$) ;
#937=AXIS2_PLACEMENT_3D('Circle Axis2P3D',#935,#936,$) ;
#946=AXIS2_PLACEMENT_3D('Circle Axis2P3D',#944,#945,$) ;
#957=AXIS2_PLACEMENT_3D('Cylinder Axis2P3D',#954,#955,#956) ;
#961=AXIS2_PLACEMENT_3D('Circle Axis2P3D',#959,#960,$) ;
#987=AXIS2_PLACEMENT_3D('Circle Axis2P3D',#985,#986,$) ;
#1011=AXIS2_PLACEMENT_3D(' ',#1014,#1018,#1017) ;
#1012=AXIS2_PLACEMENT_3D(' ',#1013,#1016,#1015) ;
#1033=AXIS2_PLACEMENT_3D('Cylinder Axis2P3D',#1030,#1031,#1032) ;
#1046=AXIS2_PLACEMENT_3D('Circle Axis2P3D',#1044,#1045,$) ;
#1060=AXIS2_PLACEMENT_3D('Circle Axis2P3D',#1058,#1059,$) ;
#1073=AXIS2_PLACEMENT_3D('Cylinder Axis2P3D',#1070,#1071,#1072) ;
#1077=AXIS2_PLACEMENT_3D('Circle Axis2P3D',#1075,#1076,$) ;
#1091=AXIS2_PLACEMENT_3D('Circle Axis2P3D',#1089,#1090,$) ;
#1104=AXIS2_PLACEMENT_3D('Cylinder Axis2P3D',#1101,#1102,#1103) ;
#1108=AXIS2_PLACEMENT_3D('Circle Axis2P3D',#1106,#1107,$) ;
#1122=AXIS2_PLACEMENT_3D('Circle Axis2P3D',#1120,#1121,$) ;
#1135=AXIS2_PLACEMENT_3D('Cylinder Axis2P3D',#1132,#1133,#1134) ;
#1139=AXIS2_PLACEMENT_3D('Circle Axis2P3D',#1137,#1138,$) ;
#1144=AXIS2_PLACEMENT_3D('Circle Axis2P3D',#1142,#1143,$) ;
#1157=AXIS2_PLACEMENT_3D('Plane Axis2P3D',#1154,#1155,#1156) ;
#1169=AXIS2_PLACEMENT_3D('Plane Axis2P3D',#1166,#1167,#1168) ;
#1186=AXIS2_PLACEMENT_3D(' ',#1189,#1193,#1192) ;
#1187=AXIS2_PLACEMENT_3D(' ',#1188,#1191,#1190) ;
#1208=AXIS2_PLACEMENT_3D('Cylinder Axis2P3D',#1205,#1206,#1207) ;
#1221=AXIS2_PLACEMENT_3D('Circle Axis2P3D',#1219,#1220,$) ;
#1235=AXIS2_PLACEMENT_3D('Circle Axis2P3D',#1233,#1234,$) ;
#1247=AXIS2_PLACEMENT_3D('Circle Axis2P3D',#1245,#1246,$) ;
#1252=AXIS2_PLACEMENT_3D('Circle Axis2P3D',#1250,#1251,$) ;
#1265=AXIS2_PLACEMENT_3D('Plane Axis2P3D',#1262,#1263,#1264) ;
#1275=AXIS2_PLACEMENT_3D('Plane Axis2P3D',#1272,#1273,#1274) ;
#1290=AXIS2_PLACEMENT_3D(' ',#1293,#1297,#1296) ;
#1291=AXIS2_PLACEMENT_3D(' ',#1292,#1295,#1294) ;
#1312=AXIS2_PLACEMENT_3D('Cylinder Axis2P3D',#1309,#1310,#1311) ;
#1316=AXIS2_PLACEMENT_3D('Circle Axis2P3D',#1314,#1315,$) ;
#1332=AXIS2_PLACEMENT_3D('Circle Axis2P3D',#1330,#1331,$) ;
#1351=AXIS2_PLACEMENT_3D('Circle Axis2P3D',#1349,#1350,$) ;
#1356=AXIS2_PLACEMENT_3D('Circle Axis2P3D',#1354,#1355,$) ;
#1369=AXIS2_PLACEMENT_3D('Plane Axis2P3D',#1366,#1367,#1368) ;
#1373=AXIS2_PLACEMENT_3D('Circle Axis2P3D',#1371,#1372,$) ;
#1382=AXIS2_PLACEMENT_3D('Circle Axis2P3D',#1380,#1381,$) ;
#1397=AXIS2_PLACEMENT_3D('Torus Axis2P3D',#1394,#1395,#1396) ;
#1401=AXIS2_PLACEMENT_3D('Circle Axis2P3D',#1399,#1400,$) ;
#1430=AXIS2_PLACEMENT_3D('Circle Axis2P3D',#1428,#1429,$) ;
#1437=AXIS2_PLACEMENT_3D('Circle Axis2P3D',#1435,#1436,$) ;
#1451=AXIS2_PLACEMENT_3D('Torus Axis2P3D',#1448,#1449,#1450) ;
#1471=AXIS2_PLACEMENT_3D('Circle Axis2P3D',#1469,#1470,$) ;
#1485=AXIS2_PLACEMENT_3D('Plane Axis2P3D',#1482,#1483,#1484) ;
#1489=AXIS2_PLACEMENT_3D('Circle Axis2P3D',#1487,#1488,$) ;
#1498=AXIS2_PLACEMENT_3D('Circle Axis2P3D',#1496,#1497,$) ;
#1513=AXIS2_PLACEMENT_3D('Torus Axis2P3D',#1510,#1511,#1512) ;
#1517=AXIS2_PLACEMENT_3D('Circle Axis2P3D',#1515,#1516,$) ;
#1524=AXIS2_PLACEMENT_3D('Circle Axis2P3D',#1522,#1523,$) ;
#1531=AXIS2_PLACEMENT_3D('Circle Axis2P3D',#1529,#1530,$) ;
#1538=AXIS2_PLACEMENT_3D('Circle Axis2P3D',#1536,#1537,$) ;
#1552=AXIS2_PLACEMENT_3D('Torus Axis2P3D',#1549,#1550,#1551) ;
#1556=AXIS2_PLACEMENT_3D('Circle Axis2P3D',#1554,#1555,$) ;
#1563=AXIS2_PLACEMENT_3D('Circle Axis2P3D',#1561,#1562,$) ;
#1577=AXIS2_PLACEMENT_3D('Cylinder Axis2P3D',#1574,#1575,#1576) ;
#1581=AXIS2_PLACEMENT_3D('Circle Axis2P3D',#1579,#1580,$) ;
#1590=AXIS2_PLACEMENT_3D('Circle Axis2P3D',#1588,#1589,$) ;
#1604=AXIS2_PLACEMENT_3D('Circle Axis2P3D',#1602,#1603,$) ;
#1611=AXIS2_PLACEMENT_3D('Circle Axis2P3D',#1609,#1610,$) ;
#1632=AXIS2_PLACEMENT_3D('Circle Axis2P3D',#1630,#1631,$) ;
#1641=AXIS2_PLACEMENT_3D('Circle Axis2P3D',#1639,#1640,$) ;
#1655=AXIS2_PLACEMENT_3D('Circle Axis2P3D',#1653,#1654,$) ;
#1662=AXIS2_PLACEMENT_3D('Circle Axis2P3D',#1660,#1661,$) ;
#1683=AXIS2_PLACEMENT_3D('Circle Axis2P3D',#1681,#1682,$) ;
#1690=AXIS2_PLACEMENT_3D('Circle Axis2P3D',#1688,#1689,$) ;
#1695=AXIS2_PLACEMENT_3D('Circle Axis2P3D',#1693,#1694,$) ;
#1702=AXIS2_PLACEMENT_3D('Circle Axis2P3D',#1700,#1701,$) ;
#1716=AXIS2_PLACEMENT_3D('Circle Axis2P3D',#1714,#1715,$) ;
#1723=AXIS2_PLACEMENT_3D('Circle Axis2P3D',#1721,#1722,$) ;
#1728=AXIS2_PLACEMENT_3D('Circle Axis2P3D',#1726,#1727,$) ;
#1735=AXIS2_PLACEMENT_3D('Circle Axis2P3D',#1733,#1734,$) ;
#1778=AXIS2_PLACEMENT_3D('Circle Axis2P3D',#1776,#1777,$) ;
#1798=AXIS2_PLACEMENT_3D('Circle Axis2P3D',#1796,#1797,$) ;
#1853=AXIS2_PLACEMENT_3D('Circle Axis2P3D',#1851,#1852,$) ;
#1858=AXIS2_PLACEMENT_3D('Circle Axis2P3D',#1856,#1857,$) ;
#1962=AXIS2_PLACEMENT_3D('Circle Axis2P3D',#1960,#1961,$) ;
#1982=AXIS2_PLACEMENT_3D('Circle Axis2P3D',#1980,#1981,$) ;
#2037=AXIS2_PLACEMENT_3D('Circle Axis2P3D',#2035,#2036,$) ;
#2042=AXIS2_PLACEMENT_3D('Circle Axis2P3D',#2040,#2041,$) ;
#2146=AXIS2_PLACEMENT_3D('Circle Axis2P3D',#2144,#2145,$) ;
#2166=AXIS2_PLACEMENT_3D('Circle Axis2P3D',#2164,#2165,$) ;
#2221=AXIS2_PLACEMENT_3D('Circle Axis2P3D',#2219,#2220,$) ;
#2226=AXIS2_PLACEMENT_3D('Circle Axis2P3D',#2224,#2225,$) ;
#2307=AXIS2_PLACEMENT_3D(' ',#2310,#2314,#2313) ;
#2308=AXIS2_PLACEMENT_3D(' ',#2309,#2312,#2311) ;
#2322=AXIS2_PLACEMENT_3D(' ',#2325,#2329,#2328) ;
#2323=AXIS2_PLACEMENT_3D(' ',#2324,#2327,#2326) ;
#2337=AXIS2_PLACEMENT_3D(' ',#2340,#2344,#2343) ;
#2338=AXIS2_PLACEMENT_3D(' ',#2339,#2342,#2341) ;
#2352=AXIS2_PLACEMENT_3D(' ',#2355,#2359,#2358) ;
#2353=AXIS2_PLACEMENT_3D(' ',#2354,#2357,#2356) ;
#2367=AXIS2_PLACEMENT_3D(' ',#2370,#2374,#2373) ;
#2368=AXIS2_PLACEMENT_3D(' ',#2369,#2372,#2371) ;
#2389=AXIS2_PLACEMENT_3D('Cylinder Axis2P3D',#2386,#2387,#2388) ;
#2393=AXIS2_PLACEMENT_3D('Circle Axis2P3D',#2391,#2392,$) ;
#2409=AXIS2_PLACEMENT_3D('Circle Axis2P3D',#2407,#2408,$) ;
#2428=AXIS2_PLACEMENT_3D('Circle Axis2P3D',#2426,#2427,$) ;
#2433=AXIS2_PLACEMENT_3D('Circle Axis2P3D',#2431,#2432,$) ;
#2446=AXIS2_PLACEMENT_3D('Plane Axis2P3D',#2443,#2444,#2445) ;
#2456=AXIS2_PLACEMENT_3D('Plane Axis2P3D',#2453,#2454,#2455) ;
#2460=AXIS2_PLACEMENT_3D('Circle Axis2P3D',#2458,#2459,$) ;
#2476=AXIS2_PLACEMENT_3D('Circle Axis2P3D',#2474,#2475,$) ;
#2500=AXIS2_PLACEMENT_3D('Plane Axis2P3D',#2497,#2498,#2499) ;
#2531=AXIS2_PLACEMENT_3D('Plane Axis2P3D',#2528,#2529,#2530) ;
#2562=AXIS2_PLACEMENT_3D('Cylinder Axis2P3D',#2559,#2560,#2561) ;
#2566=AXIS2_PLACEMENT_3D('Circle Axis2P3D',#2564,#2565,$) ;
#2578=AXIS2_PLACEMENT_3D('Circle Axis2P3D',#2576,#2577,$) ;
#2591=AXIS2_PLACEMENT_3D('Plane Axis2P3D',#2588,#2589,#2590) ;
#2608=AXIS2_PLACEMENT_3D(' ',#2611,#2615,#2614) ;
#2609=AXIS2_PLACEMENT_3D(' ',#2610,#2613,#2612) ;
#2623=AXIS2_PLACEMENT_3D(' ',#2626,#2630,#2629) ;
#2624=AXIS2_PLACEMENT_3D(' ',#2625,#2628,#2627) ;
#45=PRODUCT_DEFINITION_SHAPE(' ',' ',#17) ;
#61=PRODUCT_DEFINITION_SHAPE(' ',' ',#58) ;
#1007=PRODUCT_DEFINITION_SHAPE(' ',' ',#1006) ;
#1028=PRODUCT_DEFINITION_SHAPE(' ',' ',#1025) ;
#1182=PRODUCT_DEFINITION_SHAPE(' ',' ',#1181) ;
#1203=PRODUCT_DEFINITION_SHAPE(' ',' ',#1200) ;
#1286=PRODUCT_DEFINITION_SHAPE(' ',' ',#1285) ;
#1307=PRODUCT_DEFINITION_SHAPE(' ',' ',#1304) ;
#2303=PRODUCT_DEFINITION_SHAPE(' ',' ',#2302) ;
#2318=PRODUCT_DEFINITION_SHAPE(' ',' ',#2317) ;
#2333=PRODUCT_DEFINITION_SHAPE(' ',' ',#2332) ;
#2348=PRODUCT_DEFINITION_SHAPE(' ',' ',#2347) ;
#2363=PRODUCT_DEFINITION_SHAPE(' ',' ',#2362) ;
#2384=PRODUCT_DEFINITION_SHAPE(' ',' ',#2381) ;
#2604=PRODUCT_DEFINITION_SHAPE(' ',' ',#2603) ;
#2619=PRODUCT_DEFINITION_SHAPE(' ',' ',#2618) ;
#34=APPROVAL_PERSON_ORGANIZATION(#28,#24,#22) ;
#28=PERSON_AND_ORGANIZATION(#25,#26) ;
#25=PERSON(' ',' ',' ',$,$,$) ;
#26=ORGANIZATION(' ',' ',' ') ;
#24=APPROVAL(#23,' ') ;
#23=APPROVAL_STATUS('not_yet_approved') ;
#22=APPROVAL_ROLE('APPROVER') ;
#13=DATE_AND_TIME(#11,#12) ;
#12=LOCAL_TIME(23,21,50.,#10) ;
#10=COORDINATED_UNIVERSAL_TIME_OFFSET(0,0,.AHEAD.) ;
#97=ORIENTED_EDGE('',*,*,#76,.T.) ;
#98=ORIENTED_EDGE('',*,*,#83,.T.) ;
#99=ORIENTED_EDGE('',*,*,#90,.T.) ;
#100=ORIENTED_EDGE('',*,*,#95,.T.) ;
#156=ORIENTED_EDGE('',*,*,#114,.T.) ;
#157=ORIENTED_EDGE('',*,*,#76,.F.) ;
#158=ORIENTED_EDGE('',*,*,#121,.F.) ;
#159=ORIENTED_EDGE('',*,*,#128,.T.) ;
#160=ORIENTED_EDGE('',*,*,#135,.F.) ;
#161=ORIENTED_EDGE('',*,*,#142,.F.) ;
#162=ORIENTED_EDGE('',*,*,#149,.F.) ;
#163=ORIENTED_EDGE('',*,*,#154,.T.) ;
#184=ORIENTED_EDGE('',*,*,#177,.F.) ;
#185=ORIENTED_EDGE('',*,*,#182,.T.) ;
#186=ORIENTED_EDGE('',*,*,#83,.F.) ;
#187=ORIENTED_EDGE('',*,*,#114,.F.) ;
#236=ORIENTED_EDGE('',*,*,#201,.T.) ;
#237=ORIENTED_EDGE('',*,*,#90,.F.) ;
#238=ORIENTED_EDGE('',*,*,#182,.F.) ;
#239=ORIENTED_EDGE('',*,*,#208,.T.) ;
#240=ORIENTED_EDGE('',*,*,#215,.F.) ;
#241=ORIENTED_EDGE('',*,*,#222,.F.) ;
#242=ORIENTED_EDGE('',*,*,#229,.F.) ;
#243=ORIENTED_EDGE('',*,*,#234,.T.) ;
#257=ORIENTED_EDGE('',*,*,#255,.F.) ;
#258=ORIENTED_EDGE('',*,*,#121,.T.) ;
#259=ORIENTED_EDGE('',*,*,#95,.F.) ;
#260=ORIENTED_EDGE('',*,*,#201,.F.) ;
#279=ORIENTED_EDGE('',*,*,#272,.T.) ;
#280=ORIENTED_EDGE('',*,*,#229,.T.) ;
#281=ORIENTED_EDGE('',*,*,#277,.T.) ;
#282=ORIENTED_EDGE('',*,*,#135,.T.) ;
#296=ORIENTED_EDGE('',*,*,#142,.T.) ;
#297=ORIENTED_EDGE('',*,*,#277,.F.) ;
#298=ORIENTED_EDGE('',*,*,#222,.T.) ;
#299=ORIENTED_EDGE('',*,*,#294,.T.) ;
#313=ORIENTED_EDGE('',*,*,#311,.F.) ;
#314=ORIENTED_EDGE('',*,*,#149,.T.) ;
#315=ORIENTED_EDGE('',*,*,#294,.F.) ;
#316=ORIENTED_EDGE('',*,*,#215,.T.) ;
#348=ORIENTED_EDGE('',*,*,#327,.T.) ;
#349=ORIENTED_EDGE('',*,*,#334,.T.) ;
#350=ORIENTED_EDGE('',*,*,#341,.T.) ;
#351=ORIENTED_EDGE('',*,*,#346,.T.) ;
#407=ORIENTED_EDGE('',*,*,#365,.T.) ;
#408=ORIENTED_EDGE('',*,*,#327,.F.) ;
#409=ORIENTED_EDGE('',*,*,#372,.F.) ;
#410=ORIENTED_EDGE('',*,*,#379,.T.) ;
#411=ORIENTED_EDGE('',*,*,#386,.F.) ;
#412=ORIENTED_EDGE('',*,*,#393,.F.) ;
#413=ORIENTED_EDGE('',*,*,#400,.F.) ;
#414=ORIENTED_EDGE('',*,*,#405,.T.) ;
#430=ORIENTED_EDGE('',*,*,#423,.F.) ;
#431=ORIENTED_EDGE('',*,*,#428,.T.) ;
#432=ORIENTED_EDGE('',*,*,#334,.F.) ;
#433=ORIENTED_EDGE('',*,*,#365,.F.) ;
#482=ORIENTED_EDGE('',*,*,#447,.T.) ;
#483=ORIENTED_EDGE('',*,*,#341,.F.) ;
#484=ORIENTED_EDGE('',*,*,#428,.F.) ;
#485=ORIENTED_EDGE('',*,*,#454,.T.) ;
#486=ORIENTED_EDGE('',*,*,#461,.T.) ;
#487=ORIENTED_EDGE('',*,*,#468,.F.) ;
#488=ORIENTED_EDGE('',*,*,#475,.T.) ;
#489=ORIENTED_EDGE('',*,*,#480,.T.) ;
#498=ORIENTED_EDGE('',*,*,#496,.F.) ;
#499=ORIENTED_EDGE('',*,*,#372,.T.) ;
#500=ORIENTED_EDGE('',*,*,#346,.F.) ;
#501=ORIENTED_EDGE('',*,*,#447,.F.) ;
#515=ORIENTED_EDGE('',*,*,#508,.T.) ;
#516=ORIENTED_EDGE('',*,*,#475,.F.) ;
#517=ORIENTED_EDGE('',*,*,#513,.T.) ;
#518=ORIENTED_EDGE('',*,*,#386,.T.) ;
#527=ORIENTED_EDGE('',*,*,#525,.T.) ;
#528=ORIENTED_EDGE('',*,*,#393,.T.) ;
#529=ORIENTED_EDGE('',*,*,#513,.F.) ;
#530=ORIENTED_EDGE('',*,*,#468,.T.) ;
#539=ORIENTED_EDGE('',*,*,#537,.F.) ;
#540=ORIENTED_EDGE('',*,*,#400,.T.) ;
#541=ORIENTED_EDGE('',*,*,#525,.F.) ;
#542=ORIENTED_EDGE('',*,*,#461,.F.) ;
#579=ORIENTED_EDGE('',*,*,#558,.F.) ;
#580=ORIENTED_EDGE('',*,*,#565,.T.) ;
#581=ORIENTED_EDGE('',*,*,#572,.T.) ;
#582=ORIENTED_EDGE('',*,*,#577,.F.) ;
#610=ORIENTED_EDGE('',*,*,#572,.F.) ;
#611=ORIENTED_EDGE('',*,*,#596,.T.) ;
#612=ORIENTED_EDGE('',*,*,#603,.T.) ;
#613=ORIENTED_EDGE('',*,*,#608,.F.) ;
#641=ORIENTED_EDGE('',*,*,#603,.F.) ;
#642=ORIENTED_EDGE('',*,*,#627,.T.) ;
#643=ORIENTED_EDGE('',*,*,#634,.T.) ;
#644=ORIENTED_EDGE('',*,*,#639,.F.) ;
#663=ORIENTED_EDGE('',*,*,#634,.F.) ;
#664=ORIENTED_EDGE('',*,*,#656,.T.) ;
#665=ORIENTED_EDGE('',*,*,#558,.T.) ;
#666=ORIENTED_EDGE('',*,*,#661,.F.) ;
#675=ORIENTED_EDGE('',*,*,#661,.T.) ;
#676=ORIENTED_EDGE('',*,*,#577,.T.) ;
#677=ORIENTED_EDGE('',*,*,#608,.T.) ;
#678=ORIENTED_EDGE('',*,*,#639,.T.) ;
#681=ORIENTED_EDGE('',*,*,#128,.F.) ;
#682=ORIENTED_EDGE('',*,*,#255,.T.) ;
#683=ORIENTED_EDGE('',*,*,#234,.F.) ;
#684=ORIENTED_EDGE('',*,*,#272,.F.) ;
#687=ORIENTED_EDGE('',*,*,#311,.T.) ;
#688=ORIENTED_EDGE('',*,*,#208,.F.) ;
#689=ORIENTED_EDGE('',*,*,#177,.T.) ;
#690=ORIENTED_EDGE('',*,*,#154,.F.) ;
#693=ORIENTED_EDGE('',*,*,#379,.F.) ;
#694=ORIENTED_EDGE('',*,*,#496,.T.) ;
#695=ORIENTED_EDGE('',*,*,#480,.F.) ;
#696=ORIENTED_EDGE('',*,*,#508,.F.) ;
#699=ORIENTED_EDGE('',*,*,#537,.T.) ;
#700=ORIENTED_EDGE('',*,*,#454,.F.) ;
#701=ORIENTED_EDGE('',*,*,#423,.T.) ;
#702=ORIENTED_EDGE('',*,*,#405,.F.) ;
#711=ORIENTED_EDGE('',*,*,#627,.F.) ;
#712=ORIENTED_EDGE('',*,*,#596,.F.) ;
#713=ORIENTED_EDGE('',*,*,#565,.F.) ;
#714=ORIENTED_EDGE('',*,*,#656,.F.) ;
#738=ORIENTED_EDGE('',*,*,#731,.T.) ;
#739=ORIENTED_EDGE('',*,*,#736,.T.) ;
#767=ORIENTED_EDGE('',*,*,#755,.T.) ;
#768=ORIENTED_EDGE('',*,*,#760,.F.) ;
#769=ORIENTED_EDGE('',*,*,#736,.F.) ;
#770=ORIENTED_EDGE('',*,*,#765,.T.) ;
#779=ORIENTED_EDGE('',*,*,#777,.T.) ;
#780=ORIENTED_EDGE('',*,*,#765,.F.) ;
#781=ORIENTED_EDGE('',*,*,#731,.F.) ;
#782=ORIENTED_EDGE('',*,*,#760,.T.) ;
#791=ORIENTED_EDGE('',*,*,#777,.F.) ;
#792=ORIENTED_EDGE('',*,*,#755,.F.) ;
#812=ORIENTED_EDGE('',*,*,#805,.T.) ;
#813=ORIENTED_EDGE('',*,*,#810,.T.) ;
#841=ORIENTED_EDGE('',*,*,#829,.T.) ;
#842=ORIENTED_EDGE('',*,*,#834,.F.) ;
#843=ORIENTED_EDGE('',*,*,#810,.F.) ;
#844=ORIENTED_EDGE('',*,*,#839,.T.) ;
#853=ORIENTED_EDGE('',*,*,#851,.T.) ;
#854=ORIENTED_EDGE('',*,*,#839,.F.) ;
#855=ORIENTED_EDGE('',*,*,#805,.F.) ;
#856=ORIENTED_EDGE('',*,*,#834,.T.) ;
#860=ORIENTED_EDGE('',*,*,#851,.F.) ;
#861=ORIENTED_EDGE('',*,*,#829,.F.) ;
#881=ORIENTED_EDGE('',*,*,#874,.T.) ;
#882=ORIENTED_EDGE('',*,*,#879,.T.) ;
#910=ORIENTED_EDGE('',*,*,#898,.T.) ;
#911=ORIENTED_EDGE('',*,*,#903,.F.) ;
#912=ORIENTED_EDGE('',*,*,#879,.F.) ;
#913=ORIENTED_EDGE('',*,*,#908,.T.) ;
#922=ORIENTED_EDGE('',*,*,#920,.T.) ;
#923=ORIENTED_EDGE('',*,*,#908,.F.) ;
#924=ORIENTED_EDGE('',*,*,#874,.F.) ;
#925=ORIENTED_EDGE('',*,*,#903,.T.) ;
#929=ORIENTED_EDGE('',*,*,#920,.F.) ;
#930=ORIENTED_EDGE('',*,*,#898,.F.) ;
#950=ORIENTED_EDGE('',*,*,#943,.T.) ;
#951=ORIENTED_EDGE('',*,*,#948,.T.) ;
#979=ORIENTED_EDGE('',*,*,#967,.T.) ;
#980=ORIENTED_EDGE('',*,*,#972,.F.) ;
#981=ORIENTED_EDGE('',*,*,#948,.F.) ;
#982=ORIENTED_EDGE('',*,*,#977,.T.) ;
#991=ORIENTED_EDGE('',*,*,#989,.T.) ;
#992=ORIENTED_EDGE('',*,*,#977,.F.) ;
#993=ORIENTED_EDGE('',*,*,#943,.F.) ;
#994=ORIENTED_EDGE('',*,*,#972,.T.) ;
#998=ORIENTED_EDGE('',*,*,#989,.F.) ;
#999=ORIENTED_EDGE('',*,*,#967,.F.) ;
#1064=ORIENTED_EDGE('',*,*,#1043,.F.) ;
#1065=ORIENTED_EDGE('',*,*,#1050,.T.) ;
#1066=ORIENTED_EDGE('',*,*,#1057,.T.) ;
#1067=ORIENTED_EDGE('',*,*,#1062,.F.) ;
#1095=ORIENTED_EDGE('',*,*,#1057,.F.) ;
#1096=ORIENTED_EDGE('',*,*,#1081,.T.) ;
#1097=ORIENTED_EDGE('',*,*,#1088,.T.) ;
#1098=ORIENTED_EDGE('',*,*,#1093,.F.) ;
#1126=ORIENTED_EDGE('',*,*,#1088,.F.) ;
#1127=ORIENTED_EDGE('',*,*,#1112,.T.) ;
#1128=ORIENTED_EDGE('',*,*,#1119,.T.) ;
#1129=ORIENTED_EDGE('',*,*,#1124,.F.) ;
#1148=ORIENTED_EDGE('',*,*,#1119,.F.) ;
#1149=ORIENTED_EDGE('',*,*,#1141,.T.) ;
#1150=ORIENTED_EDGE('',*,*,#1043,.T.) ;
#1151=ORIENTED_EDGE('',*,*,#1146,.F.) ;
#1160=ORIENTED_EDGE('',*,*,#1141,.F.) ;
#1161=ORIENTED_EDGE('',*,*,#1112,.F.) ;
#1162=ORIENTED_EDGE('',*,*,#1081,.F.) ;
#1163=ORIENTED_EDGE('',*,*,#1050,.F.) ;
#1172=ORIENTED_EDGE('',*,*,#1062,.T.) ;
#1173=ORIENTED_EDGE('',*,*,#1093,.T.) ;
#1174=ORIENTED_EDGE('',*,*,#1124,.T.) ;
#1175=ORIENTED_EDGE('',*,*,#1146,.T.) ;
#1239=ORIENTED_EDGE('',*,*,#1218,.F.) ;
#1240=ORIENTED_EDGE('',*,*,#1225,.T.) ;
#1241=ORIENTED_EDGE('',*,*,#1232,.T.) ;
#1242=ORIENTED_EDGE('',*,*,#1237,.F.) ;
#1256=ORIENTED_EDGE('',*,*,#1232,.F.) ;
#1257=ORIENTED_EDGE('',*,*,#1249,.T.) ;
#1258=ORIENTED_EDGE('',*,*,#1218,.T.) ;
#1259=ORIENTED_EDGE('',*,*,#1254,.F.) ;
#1268=ORIENTED_EDGE('',*,*,#1249,.F.) ;
#1269=ORIENTED_EDGE('',*,*,#1225,.F.) ;
#1278=ORIENTED_EDGE('',*,*,#1237,.T.) ;
#1279=ORIENTED_EDGE('',*,*,#1254,.T.) ;
#1343=ORIENTED_EDGE('',*,*,#1322,.T.) ;
#1344=ORIENTED_EDGE('',*,*,#1329,.F.) ;
#1345=ORIENTED_EDGE('',*,*,#1336,.F.) ;
#1346=ORIENTED_EDGE('',*,*,#1341,.T.) ;
#1360=ORIENTED_EDGE('',*,*,#1353,.T.) ;
#1361=ORIENTED_EDGE('',*,*,#1341,.F.) ;
#1362=ORIENTED_EDGE('',*,*,#1358,.F.) ;
#1363=ORIENTED_EDGE('',*,*,#1329,.T.) ;
#1386=ORIENTED_EDGE('',*,*,#1379,.T.) ;
#1387=ORIENTED_EDGE('',*,*,#1384,.T.) ;
#1390=ORIENTED_EDGE('',*,*,#1322,.F.) ;
#1391=ORIENTED_EDGE('',*,*,#1353,.F.) ;
#1441=ORIENTED_EDGE('',*,*,#1405,.T.) ;
#1442=ORIENTED_EDGE('',*,*,#1427,.T.) ;
#1443=ORIENTED_EDGE('',*,*,#1434,.T.) ;
#1444=ORIENTED_EDGE('',*,*,#1439,.F.) ;
#1445=ORIENTED_EDGE('',*,*,#1379,.F.) ;
#1475=ORIENTED_EDGE('',*,*,#1439,.T.) ;
#1476=ORIENTED_EDGE('',*,*,#1468,.T.) ;
#1477=ORIENTED_EDGE('',*,*,#1473,.T.) ;
#1478=ORIENTED_EDGE('',*,*,#1405,.F.) ;
#1479=ORIENTED_EDGE('',*,*,#1384,.F.) ;
#1502=ORIENTED_EDGE('',*,*,#1495,.F.) ;
#1503=ORIENTED_EDGE('',*,*,#1500,.F.) ;
#1506=ORIENTED_EDGE('',*,*,#1358,.T.) ;
#1507=ORIENTED_EDGE('',*,*,#1336,.T.) ;
#1542=ORIENTED_EDGE('',*,*,#1521,.T.) ;
#1543=ORIENTED_EDGE('',*,*,#1500,.T.) ;
#1544=ORIENTED_EDGE('',*,*,#1528,.F.) ;
#1545=ORIENTED_EDGE('',*,*,#1535,.F.) ;
#1546=ORIENTED_EDGE('',*,*,#1540,.F.) ;
#1567=ORIENTED_EDGE('',*,*,#1528,.T.) ;
#1568=ORIENTED_EDGE('',*,*,#1495,.T.) ;
#1569=ORIENTED_EDGE('',*,*,#1521,.F.) ;
#1570=ORIENTED_EDGE('',*,*,#1560,.F.) ;
#1571=ORIENTED_EDGE('',*,*,#1565,.F.) ;
#1622=ORIENTED_EDGE('',*,*,#1587,.T.) ;
#1623=ORIENTED_EDGE('',*,*,#1594,.F.) ;
#1624=ORIENTED_EDGE('',*,*,#1601,.F.) ;
#1625=ORIENTED_EDGE('',*,*,#1608,.T.) ;
#1626=ORIENTED_EDGE('',*,*,#1615,.F.) ;
#1627=ORIENTED_EDGE('',*,*,#1620,.T.) ;
#1673=ORIENTED_EDGE('',*,*,#1638,.T.) ;
#1674=ORIENTED_EDGE('',*,*,#1645,.F.) ;
#1675=ORIENTED_EDGE('',*,*,#1652,.T.) ;
#1676=ORIENTED_EDGE('',*,*,#1659,.T.) ;
#1677=ORIENTED_EDGE('',*,*,#1666,.F.) ;
#1678=ORIENTED_EDGE('',*,*,#1671,.F.) ;
#1706=ORIENTED_EDGE('',*,*,#1687,.T.) ;
#1707=ORIENTED_EDGE('',*,*,#1692,.F.) ;
#1708=ORIENTED_EDGE('',*,*,#1620,.F.) ;
#1709=ORIENTED_EDGE('',*,*,#1699,.T.) ;
#1710=ORIENTED_EDGE('',*,*,#1704,.F.) ;
#1711=ORIENTED_EDGE('',*,*,#1601,.T.) ;
#1739=ORIENTED_EDGE('',*,*,#1720,.T.) ;
#1740=ORIENTED_EDGE('',*,*,#1725,.F.) ;
#1741=ORIENTED_EDGE('',*,*,#1671,.T.) ;
#1742=ORIENTED_EDGE('',*,*,#1732,.T.) ;
#1743=ORIENTED_EDGE('',*,*,#1737,.F.) ;
#1744=ORIENTED_EDGE('',*,*,#1652,.F.) ;
#1802=ORIENTED_EDGE('',*,*,#1775,.T.) ;
#1803=ORIENTED_EDGE('',*,*,#1782,.F.) ;
#1804=ORIENTED_EDGE('',*,*,#1795,.F.) ;
#1805=ORIENTED_EDGE('',*,*,#1800,.T.) ;
#1830=ORIENTED_EDGE('',*,*,#1535,.T.) ;
#1831=ORIENTED_EDGE('',*,*,#1565,.T.) ;
#1832=ORIENTED_EDGE('',*,*,#1822,.T.) ;
#1833=ORIENTED_EDGE('',*,*,#1800,.F.) ;
#1834=ORIENTED_EDGE('',*,*,#1828,.F.) ;
#1862=ORIENTED_EDGE('',*,*,#1795,.T.) ;
#1863=ORIENTED_EDGE('',*,*,#1855,.F.) ;
#1864=ORIENTED_EDGE('',*,*,#1775,.F.) ;
#1865=ORIENTED_EDGE('',*,*,#1860,.T.) ;
#1890=ORIENTED_EDGE('',*,*,#1608,.F.) ;
#1891=ORIENTED_EDGE('',*,*,#1704,.T.) ;
#1892=ORIENTED_EDGE('',*,*,#1882,.F.) ;
#1893=ORIENTED_EDGE('',*,*,#1782,.T.) ;
#1894=ORIENTED_EDGE('',*,*,#1888,.T.) ;
#1907=ORIENTED_EDGE('',*,*,#1560,.T.) ;
#1908=ORIENTED_EDGE('',*,*,#1540,.T.) ;
#1909=ORIENTED_EDGE('',*,*,#1828,.T.) ;
#1910=ORIENTED_EDGE('',*,*,#1860,.F.) ;
#1911=ORIENTED_EDGE('',*,*,#1822,.F.) ;
#1924=ORIENTED_EDGE('',*,*,#1699,.F.) ;
#1925=ORIENTED_EDGE('',*,*,#1615,.T.) ;
#1926=ORIENTED_EDGE('',*,*,#1888,.F.) ;
#1927=ORIENTED_EDGE('',*,*,#1855,.T.) ;
#1928=ORIENTED_EDGE('',*,*,#1882,.T.) ;
#1986=ORIENTED_EDGE('',*,*,#1959,.T.) ;
#1987=ORIENTED_EDGE('',*,*,#1966,.F.) ;
#1988=ORIENTED_EDGE('',*,*,#1979,.F.) ;
#1989=ORIENTED_EDGE('',*,*,#1984,.T.) ;
#2014=ORIENTED_EDGE('',*,*,#1687,.F.) ;
#2015=ORIENTED_EDGE('',*,*,#1594,.T.) ;
#2016=ORIENTED_EDGE('',*,*,#2006,.T.) ;
#2017=ORIENTED_EDGE('',*,*,#1984,.F.) ;
#2018=ORIENTED_EDGE('',*,*,#2012,.F.) ;
#2046=ORIENTED_EDGE('',*,*,#1979,.T.) ;
#2047=ORIENTED_EDGE('',*,*,#2039,.F.) ;
#2048=ORIENTED_EDGE('',*,*,#1959,.F.) ;
#2049=ORIENTED_EDGE('',*,*,#2044,.T.) ;
#2074=ORIENTED_EDGE('',*,*,#1638,.F.) ;
#2075=ORIENTED_EDGE('',*,*,#1725,.T.) ;
#2076=ORIENTED_EDGE('',*,*,#2066,.F.) ;
#2077=ORIENTED_EDGE('',*,*,#1966,.T.) ;
#2078=ORIENTED_EDGE('',*,*,#2072,.T.) ;
#2091=ORIENTED_EDGE('',*,*,#1587,.F.) ;
#2092=ORIENTED_EDGE('',*,*,#1692,.T.) ;
#2093=ORIENTED_EDGE('',*,*,#2012,.T.) ;
#2094=ORIENTED_EDGE('',*,*,#2044,.F.) ;
#2095=ORIENTED_EDGE('',*,*,#2006,.F.) ;
#2108=ORIENTED_EDGE('',*,*,#1720,.F.) ;
#2109=ORIENTED_EDGE('',*,*,#1645,.T.) ;
#2110=ORIENTED_EDGE('',*,*,#2072,.F.) ;
#2111=ORIENTED_EDGE('',*,*,#2039,.T.) ;
#2112=ORIENTED_EDGE('',*,*,#2066,.T.) ;
#2170=ORIENTED_EDGE('',*,*,#2143,.T.) ;
#2171=ORIENTED_EDGE('',*,*,#2150,.F.) ;
#2172=ORIENTED_EDGE('',*,*,#2163,.F.) ;
#2173=ORIENTED_EDGE('',*,*,#2168,.T.) ;
#2198=ORIENTED_EDGE('',*,*,#1732,.F.) ;
#2199=ORIENTED_EDGE('',*,*,#1666,.T.) ;
#2200=ORIENTED_EDGE('',*,*,#2190,.T.) ;
#2201=ORIENTED_EDGE('',*,*,#2168,.F.) ;
#2202=ORIENTED_EDGE('',*,*,#2196,.F.) ;
#2230=ORIENTED_EDGE('',*,*,#2163,.T.) ;
#2231=ORIENTED_EDGE('',*,*,#2223,.F.) ;
#2232=ORIENTED_EDGE('',*,*,#2143,.F.) ;
#2233=ORIENTED_EDGE('',*,*,#2228,.T.) ;
#2258=ORIENTED_EDGE('',*,*,#1468,.F.) ;
#2259=ORIENTED_EDGE('',*,*,#1434,.F.) ;
#2260=ORIENTED_EDGE('',*,*,#2250,.F.) ;
#2261=ORIENTED_EDGE('',*,*,#2150,.T.) ;
#2262=ORIENTED_EDGE('',*,*,#2256,.T.) ;
#2275=ORIENTED_EDGE('',*,*,#1659,.F.) ;
#2276=ORIENTED_EDGE('',*,*,#1737,.T.) ;
#2277=ORIENTED_EDGE('',*,*,#2196,.T.) ;
#2278=ORIENTED_EDGE('',*,*,#2228,.F.) ;
#2279=ORIENTED_EDGE('',*,*,#2190,.F.) ;
#2292=ORIENTED_EDGE('',*,*,#1427,.F.) ;
#2293=ORIENTED_EDGE('',*,*,#1473,.F.) ;
#2294=ORIENTED_EDGE('',*,*,#2256,.F.) ;
#2295=ORIENTED_EDGE('',*,*,#2223,.T.) ;
#2296=ORIENTED_EDGE('',*,*,#2250,.T.) ;
#2420=ORIENTED_EDGE('',*,*,#2399,.T.) ;
#2421=ORIENTED_EDGE('',*,*,#2406,.F.) ;
#2422=ORIENTED_EDGE('',*,*,#2413,.F.) ;
#2423=ORIENTED_EDGE('',*,*,#2418,.T.) ;
#2437=ORIENTED_EDGE('',*,*,#2430,.T.) ;
#2438=ORIENTED_EDGE('',*,*,#2418,.F.) ;
#2439=ORIENTED_EDGE('',*,*,#2435,.F.) ;
#2440=ORIENTED_EDGE('',*,*,#2406,.T.) ;
#2449=ORIENTED_EDGE('',*,*,#2430,.F.) ;
#2450=ORIENTED_EDGE('',*,*,#2399,.F.) ;
#2487=ORIENTED_EDGE('',*,*,#2466,.F.) ;
#2488=ORIENTED_EDGE('',*,*,#2473,.F.) ;
#2489=ORIENTED_EDGE('',*,*,#2480,.F.) ;
#2490=ORIENTED_EDGE('',*,*,#2485,.F.) ;
#2493=ORIENTED_EDGE('',*,*,#2435,.T.) ;
#2494=ORIENTED_EDGE('',*,*,#2413,.T.) ;
#2522=ORIENTED_EDGE('',*,*,#2508,.T.) ;
#2523=ORIENTED_EDGE('',*,*,#2515,.F.) ;
#2524=ORIENTED_EDGE('',*,*,#2520,.F.) ;
#2525=ORIENTED_EDGE('',*,*,#2473,.T.) ;
#2553=ORIENTED_EDGE('',*,*,#2539,.T.) ;
#2554=ORIENTED_EDGE('',*,*,#2546,.F.) ;
#2555=ORIENTED_EDGE('',*,*,#2551,.F.) ;
#2556=ORIENTED_EDGE('',*,*,#2485,.T.) ;
#2570=ORIENTED_EDGE('',*,*,#2551,.T.) ;
#2571=ORIENTED_EDGE('',*,*,#2568,.F.) ;
#2572=ORIENTED_EDGE('',*,*,#2508,.F.) ;
#2573=ORIENTED_EDGE('',*,*,#2466,.T.) ;
#2582=ORIENTED_EDGE('',*,*,#2520,.T.) ;
#2583=ORIENTED_EDGE('',*,*,#2580,.F.) ;
#2584=ORIENTED_EDGE('',*,*,#2539,.F.) ;
#2585=ORIENTED_EDGE('',*,*,#2480,.T.) ;
#2594=ORIENTED_EDGE('',*,*,#2546,.T.) ;
#2595=ORIENTED_EDGE('',*,*,#2580,.T.) ;
#2596=ORIENTED_EDGE('',*,*,#2515,.T.) ;
#2597=ORIENTED_EDGE('',*,*,#2568,.T.) ;
#685=FACE_BOUND('',#680,.T.) ;
#691=FACE_BOUND('',#686,.T.) ;
#697=FACE_BOUND('',#692,.T.) ;
#703=FACE_BOUND('',#698,.T.) ;
#1392=FACE_BOUND('',#1389,.T.) ;
#1508=FACE_BOUND('',#1505,.T.) ;
#2495=FACE_BOUND('',#2492,.T.) ;
#62=CLOSED_SHELL('Closed Shell',(#102,#165,#189,#245,#262,#284,#301,#318,#353,#416,#435,#491,#503,#520,#532,#544,#584,#615,#646,#668,#704,#716)) ;
#795=CLOSED_SHELL('Oriented Closed Shell',(#741,#772,#784,#794)) ;
#864=CLOSED_SHELL('Oriented Closed Shell',(#815,#846,#858,#863)) ;
#933=CLOSED_SHELL('Oriented Closed Shell',(#884,#915,#927,#932)) ;
#1002=CLOSED_SHELL('Oriented Closed Shell',(#953,#984,#996,#1001)) ;
#1029=CLOSED_SHELL('Closed Shell',(#1069,#1100,#1131,#1153,#1165,#1177)) ;
#1204=CLOSED_SHELL('Closed Shell',(#1244,#1261,#1271,#1281)) ;
#1308=CLOSED_SHELL('Closed Shell',(#1348,#1365,#1393,#1447,#1481,#1509,#1548,#1573,#1629,#1680,#1713,#1746,#1807,#1836,#1867,#1896,#1913,#1930,#1991,#2020,#2051,#2080,#2097,#2114,#2175,#2204,#2235,#2264,#2281,#2298)) ;
#2385=CLOSED_SHELL('Closed Shell',(#2425,#2442,#2452,#2496,#2527,#2558,#2575,#2587,#2599)) ;
#1010=ITEM_DEFINED_TRANSFORMATION(' ',' ',#1012,#1011) ;
#1185=ITEM_DEFINED_TRANSFORMATION(' ',' ',#1187,#1186) ;
#1289=ITEM_DEFINED_TRANSFORMATION(' ',' ',#1291,#1290) ;
#2306=ITEM_DEFINED_TRANSFORMATION(' ',' ',#2308,#2307) ;
#2321=ITEM_DEFINED_TRANSFORMATION(' ',' ',#2323,#2322) ;
#2336=ITEM_DEFINED_TRANSFORMATION(' ',' ',#2338,#2337) ;
#2351=ITEM_DEFINED_TRANSFORMATION(' ',' ',#2353,#2352) ;
#2366=ITEM_DEFINED_TRANSFORMATION(' ',' ',#2368,#2367) ;
#2607=ITEM_DEFINED_TRANSFORMATION(' ',' ',#2609,#2608) ;
#2622=ITEM_DEFINED_TRANSFORMATION(' ',' ',#2624,#2623) ;
#70=VECTOR('Line Direction',#69,1.) ;
#79=VECTOR('Line Direction',#78,1.) ;
#86=VECTOR('Line Direction',#85,1.) ;
#93=VECTOR('Line Direction',#92,1.) ;
#110=VECTOR('Line Direction',#109,1.) ;
#117=VECTOR('Line Direction',#116,1.) ;
#124=VECTOR('Line Direction',#123,1.) ;
#131=VECTOR('Line Direction',#130,1.) ;
#145=VECTOR('Line Direction',#144,1.) ;
#152=VECTOR('Line Direction',#151,1.) ;
#173=VECTOR('Line Direction',#172,1.) ;
#180=VECTOR('Line Direction',#179,1.) ;
#197=VECTOR('Line Direction',#196,1.) ;
#204=VECTOR('Line Direction',#203,1.) ;
#211=VECTOR('Line Direction',#210,1.) ;
#225=VECTOR('Line Direction',#224,1.) ;
#232=VECTOR('Line Direction',#231,1.) ;
#253=VECTOR('Line Direction',#252,1.) ;
#270=VECTOR('Line Direction',#269,1.) ;
#275=VECTOR('Line Direction',#274,1.) ;
#292=VECTOR('Line Direction',#291,1.) ;
#309=VECTOR('Line Direction',#308,1.) ;
#321=VECTOR('Line Direction',#320,1.) ;
#330=VECTOR('Line Direction',#329,1.) ;
#337=VECTOR('Line Direction',#336,1.) ;
#344=VECTOR('Line Direction',#343,1.) ;
#361=VECTOR('Line Direction',#360,1.) ;
#368=VECTOR('Line Direction',#367,1.) ;
#375=VECTOR('Line Direction',#374,1.) ;
#382=VECTOR('Line Direction',#381,1.) ;
#396=VECTOR('Line Direction',#395,1.) ;
#403=VECTOR('Line Direction',#402,1.) ;
#419=VECTOR('Line Direction',#418,1.) ;
#426=VECTOR('Line Direction',#425,1.) ;
#443=VECTOR('Line Direction',#442,1.) ;
#450=VECTOR('Line Direction',#449,1.) ;
#457=VECTOR('Line Direction',#456,1.) ;
#471=VECTOR('Line Direction',#470,1.) ;
#478=VECTOR('Line Direction',#477,1.) ;
#494=VECTOR('Line Direction',#493,1.) ;
#506=VECTOR('Line Direction',#505,1.) ;
#511=VECTOR('Line Direction',#510,1.) ;
#523=VECTOR('Line Direction',#522,1.) ;
#535=VECTOR('Line Direction',#534,1.) ;
#552=VECTOR('Line Direction',#551,1.) ;
#561=VECTOR('Line Direction',#560,1.) ;
#568=VECTOR('Line Direction',#567,1.) ;
#575=VECTOR('Line Direction',#574,1.) ;
#599=VECTOR('Line Direction',#598,1.) ;
#623=VECTOR('Line Direction',#622,1.) ;
#630=VECTOR('Line Direction',#629,1.) ;
#637=VECTOR('Line Direction',#636,1.) ;
#758=VECTOR('Line Direction',#757,1.) ;
#763=VECTOR('Line Direction',#762,1.) ;
#832=VECTOR('Line Direction',#831,1.) ;
#837=VECTOR('Line Direction',#836,1.) ;
#901=VECTOR('Line Direction',#900,1.) ;
#906=VECTOR('Line Direction',#905,1.) ;
#970=VECTOR('Line Direction',#969,1.) ;
#975=VECTOR('Line Direction',#974,1.) ;
#1037=VECTOR('Line Direction',#1036,1.) ;
#1053=VECTOR('Line Direction',#1052,1.) ;
#1084=VECTOR('Line Direction',#1083,1.) ;
#1115=VECTOR('Line Direction',#1114,1.) ;
#1212=VECTOR('Line Direction',#1211,1.) ;
#1228=VECTOR('Line Direction',#1227,1.) ;
#1325=VECTOR('Line Direction',#1324,1.) ;
#1339=VECTOR('Line Direction',#1338,1.) ;
#1597=VECTOR('Line Direction',#1596,1.) ;
#1618=VECTOR('Line Direction',#1617,1.) ;
#1648=VECTOR('Line Direction',#1647,1.) ;
#1669=VECTOR('Line Direction',#1668,1.) ;
#2402=VECTOR('Line Direction',#2401,1.) ;
#2416=VECTOR('Line Direction',#2415,1.) ;
#2469=VECTOR('Line Direction',#2468,1.) ;
#2483=VECTOR('Line Direction',#2482,1.) ;
#2504=VECTOR('Line Direction',#2503,1.) ;
#2511=VECTOR('Line Direction',#2510,1.) ;
#2518=VECTOR('Line Direction',#2517,1.) ;
#2535=VECTOR('Line Direction',#2534,1.) ;
#2542=VECTOR('Line Direction',#2541,1.) ;
#2549=VECTOR('Line Direction',#2548,1.) ;
#1004=ADVANCED_BREP_SHAPE_REPRESENTATION('NONE',(#1003),#53) ;
#1179=ADVANCED_BREP_SHAPE_REPRESENTATION('NONE',(#1178),#1020) ;
#1283=ADVANCED_BREP_SHAPE_REPRESENTATION('NONE',(#1282),#1195) ;
#2300=ADVANCED_BREP_SHAPE_REPRESENTATION('NONE',(#2299),#1299) ;
#2601=ADVANCED_BREP_SHAPE_REPRESENTATION('NONE',(#2600),#2376) ;
#44=SHAPE_REPRESENTATION(' ',(#1011,#1186,#1290,#2307,#2322,#2337,#2352,#2367,#2608,#2623),#51) ;
#54=SHAPE_REPRESENTATION(' ',(#1012),#53) ;
#1021=SHAPE_REPRESENTATION(' ',(#1187),#1020) ;
#1196=SHAPE_REPRESENTATION(' ',(#1291,#2323,#2338,#2353),#1195) ;
#1300=SHAPE_REPRESENTATION(' ',(#2308,#2368),#1299) ;
#2377=SHAPE_REPRESENTATION(' ',(#2609,#2624),#2376) ;
#102=ADVANCED_FACE('PartBody',(#101),#67,.T.) ;
#165=ADVANCED_FACE('PartBody',(#164),#107,.T.) ;
#189=ADVANCED_FACE('PartBody',(#188),#170,.F.) ;
#245=ADVANCED_FACE('PartBody',(#244),#194,.T.) ;
#262=ADVANCED_FACE('PartBody',(#261),#250,.F.) ;
#284=ADVANCED_FACE('PartBody',(#283),#267,.F.) ;
#301=ADVANCED_FACE('PartBody',(#300),#289,.F.) ;
#318=ADVANCED_FACE('PartBody',(#317),#306,.F.) ;
#353=ADVANCED_FACE('PartBody',(#352),#67,.T.) ;
#416=ADVANCED_FACE('PartBody',(#415),#358,.T.) ;
#435=ADVANCED_FACE('PartBody',(#434),#170,.F.) ;
#491=ADVANCED_FACE('PartBody',(#490),#440,.T.) ;
#503=ADVANCED_FACE('PartBody',(#502),#250,.F.) ;
#520=ADVANCED_FACE('PartBody',(#519),#267,.F.) ;
#532=ADVANCED_FACE('PartBody',(#531),#289,.F.) ;
#544=ADVANCED_FACE('PartBody',(#543),#306,.F.) ;
#584=ADVANCED_FACE('PartBody',(#583),#549,.F.) ;
#615=ADVANCED_FACE('PartBody',(#614),#589,.T.) ;
#646=ADVANCED_FACE('PartBody',(#645),#620,.F.) ;
#668=ADVANCED_FACE('PartBody',(#667),#651,.T.) ;
#704=ADVANCED_FACE('PartBody',(#679,#685,#691,#697,#703),#673,.T.) ;
#716=ADVANCED_FACE('PartBody',(#715),#709,.F.) ;
#741=ADVANCED_FACE('PartBody',(#740),#722,.T.) ;
#772=ADVANCED_FACE('PartBody',(#771),#746,.T.) ;
#784=ADVANCED_FACE('PartBody',(#783),#746,.T.) ;
#794=ADVANCED_FACE('PartBody',(#793),#789,.F.) ;
#815=ADVANCED_FACE('PartBody',(#814),#722,.T.) ;
#846=ADVANCED_FACE('PartBody',(#845),#820,.T.) ;
#858=ADVANCED_FACE('PartBody',(#857),#820,.T.) ;
#863=ADVANCED_FACE('PartBody',(#862),#789,.F.) ;
#884=ADVANCED_FACE('PartBody',(#883),#722,.T.) ;
#915=ADVANCED_FACE('PartBody',(#914),#889,.T.) ;
#927=ADVANCED_FACE('PartBody',(#926),#889,.T.) ;
#932=ADVANCED_FACE('PartBody',(#931),#789,.F.) ;
#953=ADVANCED_FACE('PartBody',(#952),#722,.T.) ;
#984=ADVANCED_FACE('PartBody',(#983),#958,.T.) ;
#996=ADVANCED_FACE('PartBody',(#995),#958,.T.) ;
#1001=ADVANCED_FACE('PartBody',(#1000),#789,.F.) ;
#1069=ADVANCED_FACE('PartBody',(#1068),#1034,.T.) ;
#1100=ADVANCED_FACE('PartBody',(#1099),#1074,.F.) ;
#1131=ADVANCED_FACE('PartBody',(#1130),#1105,.T.) ;
#1153=ADVANCED_FACE('PartBody',(#1152),#1136,.F.) ;
#1165=ADVANCED_FACE('PartBody',(#1164),#1158,.F.) ;
#1177=ADVANCED_FACE('PartBody',(#1176),#1170,.T.) ;
#1244=ADVANCED_FACE('PartBody',(#1243),#1209,.T.) ;
#1261=ADVANCED_FACE('PartBody',(#1260),#1209,.T.) ;
#1271=ADVANCED_FACE('PartBody',(#1270),#1266,.F.) ;
#1281=ADVANCED_FACE('PartBody',(#1280),#1276,.T.) ;
#1348=ADVANCED_FACE('PartBody',(#1347),#1313,.F.) ;
#1365=ADVANCED_FACE('PartBody',(#1364),#1313,.F.) ;
#1393=ADVANCED_FACE('PartBody',(#1388,#1392),#1370,.T.) ;
#1447=ADVANCED_FACE('PartBody',(#1446),#1398,.T.) ;
#1481=ADVANCED_FACE('PartBody',(#1480),#1452,.T.) ;
#1509=ADVANCED_FACE('PartBody',(#1504,#1508),#1486,.F.) ;
#1548=ADVANCED_FACE('PartBody',(#1547),#1514,.T.) ;
#1573=ADVANCED_FACE('PartBody',(#1572),#1553,.T.) ;
#1629=ADVANCED_FACE('PartBody',(#1628),#1578,.T.) ;
#1680=ADVANCED_FACE('PartBody',(#1679),#1578,.T.) ;
#1713=ADVANCED_FACE('PartBody',(#1712),#1578,.T.) ;
#1746=ADVANCED_FACE('PartBody',(#1745),#1578,.T.) ;
#1807=ADVANCED_FACE('PartBody',(#1806),#1760,.T.) ;
#1836=ADVANCED_FACE('PartBody',(#1835),#1816,.T.) ;
#1867=ADVANCED_FACE('PartBody',(#1866),#1850,.T.) ;
#1896=ADVANCED_FACE('PartBody',(#1895),#1876,.T.) ;
#1913=ADVANCED_FACE('PartBody',(#1912),#1905,.T.) ;
#1930=ADVANCED_FACE('PartBody',(#1929),#1922,.T.) ;
#1991=ADVANCED_FACE('PartBody',(#1990),#1944,.T.) ;
#2020=ADVANCED_FACE('PartBody',(#2019),#2000,.T.) ;
#2051=ADVANCED_FACE('PartBody',(#2050),#2034,.T.) ;
#2080=ADVANCED_FACE('PartBody',(#2079),#2060,.T.) ;
#2097=ADVANCED_FACE('PartBody',(#2096),#2089,.T.) ;
#2114=ADVANCED_FACE('PartBody',(#2113),#2106,.T.) ;
#2175=ADVANCED_FACE('PartBody',(#2174),#2128,.T.) ;
#2204=ADVANCED_FACE('PartBody',(#2203),#2184,.T.) ;
#2235=ADVANCED_FACE('PartBody',(#2234),#2218,.T.) ;
#2264=ADVANCED_FACE('PartBody',(#2263),#2244,.T.) ;
#2281=ADVANCED_FACE('PartBody',(#2280),#2273,.T.) ;
#2298=ADVANCED_FACE('PartBody',(#2297),#2290,.T.) ;
#2425=ADVANCED_FACE('PartBody',(#2424),#2390,.T.) ;
#2442=ADVANCED_FACE('PartBody',(#2441),#2390,.T.) ;
#2452=ADVANCED_FACE('PartBody',(#2451),#2447,.F.) ;
#2496=ADVANCED_FACE('PartBody',(#2491,#2495),#2457,.F.) ;
#2527=ADVANCED_FACE('PartBody',(#2526),#2501,.T.) ;
#2558=ADVANCED_FACE('PartBody',(#2557),#2532,.T.) ;
#2575=ADVANCED_FACE('PartBody',(#2574),#2563,.T.) ;
#2587=ADVANCED_FACE('PartBody',(#2586),#2563,.T.) ;
#2599=ADVANCED_FACE('PartBody',(#2598),#2592,.T.) ;
#4=APPLICATION_PROTOCOL_DEFINITION('international standard','config_control_design',1994,#1) ;
#35=APPROVAL_DATE_TIME(#13,#24) ;
#1759=AXIS1_PLACEMENT('Revolution Surface Axis1P',#1757,#1758) ;
#1815=AXIS1_PLACEMENT('Revolution Surface Axis1P',#1813,#1814) ;
#1849=AXIS1_PLACEMENT('Revolution Surface Axis1P',#1847,#1848) ;
#1875=AXIS1_PLACEMENT('Revolution Surface Axis1P',#1873,#1874) ;
#1904=AXIS1_PLACEMENT('Revolution Surface Axis1P',#1902,#1903) ;
#1921=AXIS1_PLACEMENT('Revolution Surface Axis1P',#1919,#1920) ;
#1943=AXIS1_PLACEMENT('Revolution Surface Axis1P',#1941,#1942) ;
#1999=AXIS1_PLACEMENT('Revolution Surface Axis1P',#1997,#1998) ;
#2033=AXIS1_PLACEMENT('Revolution Surface Axis1P',#2031,#2032) ;
#2059=AXIS1_PLACEMENT('Revolution Surface Axis1P',#2057,#2058) ;
#2088=AXIS1_PLACEMENT('Revolution Surface Axis1P',#2086,#2087) ;
#2105=AXIS1_PLACEMENT('Revolution Surface Axis1P',#2103,#2104) ;
#2127=AXIS1_PLACEMENT('Revolution Surface Axis1P',#2125,#2126) ;
#2183=AXIS1_PLACEMENT('Revolution Surface Axis1P',#2181,#2182) ;
#2217=AXIS1_PLACEMENT('Revolution Surface Axis1P',#2215,#2216) ;
#2243=AXIS1_PLACEMENT('Revolution Surface Axis1P',#2241,#2242) ;
#2272=AXIS1_PLACEMENT('Revolution Surface Axis1P',#2270,#2271) ;
#2289=AXIS1_PLACEMENT('Revolution Surface Axis1P',#2287,#2288) ;
#1406=B_SPLINE_CURVE_WITH_KNOTS('',5,(#1407,#1408,#1409,#1410,#1411,#1412,#1413,#1414,#1415,#1416,#1417,#1418,#1419,#1420,#1421,#1422,#1423,#1424),.UNSPECIFIED.,.F.,.U.,(6,3,3,3,3,6),(2.18095975248E-015,14.4880788405,28.976157681,43.4679272762,57.9596968714,64.4831872157),.UNSPECIFIED.) ;
#1453=B_SPLINE_CURVE_WITH_KNOTS('',5,(#1454,#1455,#1456,#1457,#1458,#1459,#1460,#1461,#1462,#1463,#1464,#1465),.UNSPECIFIED.,.F.,.U.,(6,3,3,6),(0.,28.9846412933,57.9726530766,64.4953910718),.UNSPECIFIED.) ;
#1747=B_SPLINE_CURVE_WITH_KNOTS('',5,(#1748,#1749,#1750,#1751,#1752,#1753,#1754,#1755,#1756),.UNSPECIFIED.,.F.,.U.,(6,3,6),(3.14159265359,4.71238898038,6.28318530718),.UNSPECIFIED.) ;
#1761=B_SPLINE_CURVE_WITH_KNOTS('',5,(#1762,#1763,#1764,#1765,#1766,#1767,#1768,#1769,#1770),.UNSPECIFIED.,.F.,.U.,(6,3,6),(3.14159265359,4.71238898038,6.28318530718),.UNSPECIFIED.) ;
#1783=B_SPLINE_CURVE_WITH_KNOTS('',5,(#1784,#1785,#1786,#1787,#1788,#1789,#1790,#1791,#1792),.UNSPECIFIED.,.F.,.U.,(6,3,6),(3.14159265359,4.71238898038,6.28318530718),.UNSPECIFIED.) ;
#1808=B_SPLINE_CURVE_WITH_KNOTS('',3,(#1809,#1810,#1811,#1812),.UNSPECIFIED.,.F.,.U.,(4,4),(3.10630552423,3.14159265359),.UNSPECIFIED.) ;
#1817=B_SPLINE_CURVE_WITH_KNOTS('',3,(#1818,#1819,#1820,#1821),.UNSPECIFIED.,.F.,.U.,(4,4),(3.10630552423,3.14159265359),.UNSPECIFIED.) ;
#1823=B_SPLINE_CURVE_WITH_KNOTS('',3,(#1824,#1825,#1826,#1827),.UNSPECIFIED.,.F.,.U.,(4,4),(3.10630552423,3.14159265359),.UNSPECIFIED.) ;
#1837=B_SPLINE_CURVE_WITH_KNOTS('',5,(#1838,#1839,#1840,#1841,#1842,#1843,#1844,#1845,#1846),.UNSPECIFIED.,.F.,.U.,(6,3,6),(3.14159265359,4.71238898038,6.28318530718),.UNSPECIFIED.) ;
#1868=B_SPLINE_CURVE_WITH_KNOTS('',3,(#1869,#1870,#1871,#1872),.UNSPECIFIED.,.F.,.U.,(4,4),(0.,0.0353169197734),.UNSPECIFIED.) ;
#1877=B_SPLINE_CURVE_WITH_KNOTS('',3,(#1878,#1879,#1880,#1881),.UNSPECIFIED.,.F.,.U.,(4,4),(0.,0.0353169197734),.UNSPECIFIED.) ;
#1883=B_SPLINE_CURVE_WITH_KNOTS('',3,(#1884,#1885,#1886,#1887),.UNSPECIFIED.,.F.,.U.,(4,4),(0.,0.0353169197734),.UNSPECIFIED.) ;
#1897=B_SPLINE_CURVE_WITH_KNOTS('',3,(#1898,#1899,#1900,#1901),.UNSPECIFIED.,.F.,.U.,(4,4),(3.10630552423,3.14159265359),.UNSPECIFIED.) ;
#1914=B_SPLINE_CURVE_WITH_KNOTS('',3,(#1915,#1916,#1917,#1918),.UNSPECIFIED.,.F.,.U.,(4,4),(0.,0.0353169197734),.UNSPECIFIED.) ;
#1931=B_SPLINE_CURVE_WITH_KNOTS('',5,(#1932,#1933,#1934,#1935,#1936,#1937,#1938,#1939,#1940),.UNSPECIFIED.,.F.,.U.,(6,3,6),(3.14159265359,4.71238898038,6.28318530718),.UNSPECIFIED.) ;
#1945=B_SPLINE_CURVE_WITH_KNOTS('',5,(#1946,#1947,#1948,#1949,#1950,#1951,#1952,#1953,#1954),.UNSPECIFIED.,.F.,.U.,(6,3,6),(3.14159265359,4.71238898038,6.28318530718),.UNSPECIFIED.) ;
#1967=B_SPLINE_CURVE_WITH_KNOTS('',5,(#1968,#1969,#1970,#1971,#1972,#1973,#1974,#1975,#1976),.UNSPECIFIED.,.F.,.U.,(6,3,6),(3.14159265359,4.71238898038,6.28318530718),.UNSPECIFIED.) ;
#1992=B_SPLINE_CURVE_WITH_KNOTS('',3,(#1993,#1994,#1995,#1996),.UNSPECIFIED.,.F.,.U.,(4,4),(3.10627573382,3.14159265359),.UNSPECIFIED.) ;
#2001=B_SPLINE_CURVE_WITH_KNOTS('',3,(#2002,#2003,#2004,#2005),.UNSPECIFIED.,.F.,.U.,(4,4),(3.10627573382,3.14159265359),.UNSPECIFIED.) ;
#2007=B_SPLINE_CURVE_WITH_KNOTS('',3,(#2008,#2009,#2010,#2011),.UNSPECIFIED.,.F.,.U.,(4,4),(3.10627573382,3.14159265359),.UNSPECIFIED.) ;
#2021=B_SPLINE_CURVE_WITH_KNOTS('',5,(#2022,#2023,#2024,#2025,#2026,#2027,#2028,#2029,#2030),.UNSPECIFIED.,.F.,.U.,(6,3,6),(3.14159265359,4.71238898038,6.28318530718),.UNSPECIFIED.) ;
#2052=B_SPLINE_CURVE_WITH_KNOTS('',3,(#2053,#2054,#2055,#2056),.UNSPECIFIED.,.F.,.U.,(4,4),(0.,0.0353169197734),.UNSPECIFIED.) ;
#2061=B_SPLINE_CURVE_WITH_KNOTS('',3,(#2062,#2063,#2064,#2065),.UNSPECIFIED.,.F.,.U.,(4,4),(0.,0.0353169197734),.UNSPECIFIED.) ;
#2067=B_SPLINE_CURVE_WITH_KNOTS('',3,(#2068,#2069,#2070,#2071),.UNSPECIFIED.,.F.,.U.,(4,4),(0.,0.0353169197734),.UNSPECIFIED.) ;
#2081=B_SPLINE_CURVE_WITH_KNOTS('',3,(#2082,#2083,#2084,#2085),.UNSPECIFIED.,.F.,.U.,(4,4),(3.10627573382,3.14159265359),.UNSPECIFIED.) ;
#2098=B_SPLINE_CURVE_WITH_KNOTS('',3,(#2099,#2100,#2101,#2102),.UNSPECIFIED.,.F.,.U.,(4,4),(0.,0.0353169197734),.UNSPECIFIED.) ;
#2115=B_SPLINE_CURVE_WITH_KNOTS('',5,(#2116,#2117,#2118,#2119,#2120,#2121,#2122,#2123,#2124),.UNSPECIFIED.,.F.,.U.,(6,3,6),(3.14159265359,4.71238898038,6.28318530718),.UNSPECIFIED.) ;
#2129=B_SPLINE_CURVE_WITH_KNOTS('',5,(#2130,#2131,#2132,#2133,#2134,#2135,#2136,#2137,#2138),.UNSPECIFIED.,.F.,.U.,(6,3,6),(3.14159265359,4.71238898038,6.28318530718),.UNSPECIFIED.) ;
#2151=B_SPLINE_CURVE_WITH_KNOTS('',5,(#2152,#2153,#2154,#2155,#2156,#2157,#2158,#2159,#2160),.UNSPECIFIED.,.F.,.U.,(6,3,6),(3.14159265359,4.71238898038,6.28318530718),.UNSPECIFIED.) ;
#2176=B_SPLINE_CURVE_WITH_KNOTS('',3,(#2177,#2178,#2179,#2180),.UNSPECIFIED.,.F.,.U.,(4,4),(3.10627573382,3.14159265359),.UNSPECIFIED.) ;
#2185=B_SPLINE_CURVE_WITH_KNOTS('',3,(#2186,#2187,#2188,#2189),.UNSPECIFIED.,.F.,.U.,(4,4),(3.10627573382,3.14159265359),.UNSPECIFIED.) ;
#2191=B_SPLINE_CURVE_WITH_KNOTS('',3,(#2192,#2193,#2194,#2195),.UNSPECIFIED.,.F.,.U.,(4,4),(3.10627573382,3.14159265359),.UNSPECIFIED.) ;
#2205=B_SPLINE_CURVE_WITH_KNOTS('',5,(#2206,#2207,#2208,#2209,#2210,#2211,#2212,#2213,#2214),.UNSPECIFIED.,.F.,.U.,(6,3,6),(3.14159265359,4.71238898038,6.28318530718),.UNSPECIFIED.) ;
#2236=B_SPLINE_CURVE_WITH_KNOTS('',3,(#2237,#2238,#2239,#2240),.UNSPECIFIED.,.F.,.U.,(4,4),(0.,0.0352871293554),.UNSPECIFIED.) ;
#2245=B_SPLINE_CURVE_WITH_KNOTS('',3,(#2246,#2247,#2248,#2249),.UNSPECIFIED.,.F.,.U.,(4,4),(0.,0.0352871293554),.UNSPECIFIED.) ;
#2251=B_SPLINE_CURVE_WITH_KNOTS('',3,(#2252,#2253,#2254,#2255),.UNSPECIFIED.,.F.,.U.,(4,4),(0.,0.0352871293554),.UNSPECIFIED.) ;
#2265=B_SPLINE_CURVE_WITH_KNOTS('',3,(#2266,#2267,#2268,#2269),.UNSPECIFIED.,.F.,.U.,(4,4),(3.10627573382,3.14159265359),.UNSPECIFIED.) ;
#2282=B_SPLINE_CURVE_WITH_KNOTS('',3,(#2283,#2284,#2285,#2286),.UNSPECIFIED.,.F.,.U.,(4,4),(0.,0.0352871293554),.UNSPECIFIED.) ;
#1003=BREP_WITH_VOIDS('Brep With Voids',#62,(#717,#796,#865,#934)) ;
#1178=MANIFOLD_SOLID_BREP('PartBody',#1029) ;
#1282=MANIFOLD_SOLID_BREP('PartBody',#1204) ;
#2299=MANIFOLD_SOLID_BREP('PartBody',#1308) ;
#2600=MANIFOLD_SOLID_BREP('PartBody',#2385) ;
#717=ORIENTED_CLOSED_SHELL('Oriented Closed Shell',*,#795,.F.) ;
#796=ORIENTED_CLOSED_SHELL('Oriented Closed Shell',*,#864,.F.) ;
#865=ORIENTED_CLOSED_SHELL('Oriented Closed Shell',*,#933,.F.) ;
#934=ORIENTED_CLOSED_SHELL('Oriented Closed Shell',*,#1002,.F.) ;
#11=CALENDAR_DATE(2026,28,9) ;
#33=CC_DESIGN_APPROVAL(#24,(#19,#6,#17)) ;
#21=CC_DESIGN_DATE_AND_TIME_ASSIGNMENT(#13,#20,(#19)) ;
#32=CC_DESIGN_DATE_AND_TIME_ASSIGNMENT(#13,#31,(#17)) ;
#20=DATE_TIME_ROLE('classification_date') ;
#31=DATE_TIME_ROLE('creation_date') ;
#30=CC_DESIGN_PERSON_AND_ORGANIZATION_ASSIGNMENT(#28,#29,(#19)) ;
#36=CC_DESIGN_PERSON_AND_ORGANIZATION_ASSIGNMENT(#28,#37,(#6)) ;
#38=CC_DESIGN_PERSON_AND_ORGANIZATION_ASSIGNMENT(#28,#39,(#6,#17)) ;
#40=CC_DESIGN_PERSON_AND_ORGANIZATION_ASSIGNMENT(#28,#41,(#5)) ;
#29=PERSON_AND_ORGANIZATION_ROLE('classification_officer') ;
#37=PERSON_AND_ORGANIZATION_ROLE('design_supplier') ;
#39=PERSON_AND_ORGANIZATION_ROLE('creator') ;
#41=PERSON_AND_ORGANIZATION_ROLE('design_owner') ;
#42=CC_DESIGN_SECURITY_CLASSIFICATION(#19,(#6,#1006,#1181,#1285,#2302,#2317,#2332,#2347,#2362,#2603,#2618)) ;
#60=DOCUMENT('1','base.CATPart','CATPart document',#59) ;
#1027=DOCUMENT('2','baterias.CATPart','CATPart document',#1026) ;
#1202=DOCUMENT('3','colunas.CATPart','CATPart document',#1201) ;
#1306=DOCUMENT('4','rodas.CATPart','CATPart document',#1305) ;
#2383=DOCUMENT('5','Motor.CATPart','CATPart document',#2382) ;
#59=DOCUMENT_TYPE('') ;
#1026=DOCUMENT_TYPE('') ;
#1201=DOCUMENT_TYPE('') ;
#1305=DOCUMENT_TYPE('') ;
#2382=DOCUMENT_TYPE('') ;
#139=CIRCLE('generated circle',#138,6.) ;
#219=CIRCLE('generated circle',#218,6.) ;
#390=CIRCLE('generated circle',#389,6.) ;
#465=CIRCLE('generated circle',#464,6.) ;
#593=CIRCLE('generated circle',#592,50.) ;
#607=CIRCLE('generated circle',#606,50.) ;
#655=CIRCLE('generated circle',#654,130.) ;
#660=CIRCLE('generated circle',#659,130.) ;
#726=CIRCLE('generated circle',#725,4.) ;
#735=CIRCLE('generated circle',#734,4.) ;
#750=CIRCLE('generated circle',#749,4.) ;
#776=CIRCLE('generated circle',#775,4.) ;
#800=CIRCLE('generated circle',#799,4.) ;
#809=CIRCLE('generated circle',#808,4.) ;
#824=CIRCLE('generated circle',#823,4.) ;
#850=CIRCLE('generated circle',#849,4.) ;
#869=CIRCLE('generated circle',#868,4.) ;
#878=CIRCLE('generated circle',#877,4.) ;
#893=CIRCLE('generated circle',#892,4.) ;
#919=CIRCLE('generated circle',#918,4.) ;
#938=CIRCLE('generated circle',#937,4.) ;
#947=CIRCLE('generated circle',#946,4.) ;
#962=CIRCLE('generated circle',#961,4.) ;
#988=CIRCLE('generated circle',#987,4.) ;
#1047=CIRCLE('generated circle',#1046,6.) ;
#1061=CIRCLE('generated circle',#1060,6.) ;
#1078=CIRCLE('generated circle',#1077,2.) ;
#1092=CIRCLE('generated circle',#1091,2.) ;
#1109=CIRCLE('generated circle',#1108,6.) ;
#1123=CIRCLE('generated circle',#1122,6.) ;
#1140=CIRCLE('generated circle',#1139,2.) ;
#1145=CIRCLE('generated circle',#1144,2.) ;
#1222=CIRCLE('generated circle',#1221,4.) ;
#1236=CIRCLE('generated circle',#1235,4.) ;
#1248=CIRCLE('generated circle',#1247,4.) ;
#1253=CIRCLE('generated circle',#1252,4.) ;
#1317=CIRCLE('generated circle',#1316,1.5) ;
#1333=CIRCLE('generated circle',#1332,1.5) ;
#1352=CIRCLE('generated circle',#1351,1.5) ;
#1357=CIRCLE('generated circle',#1356,1.5) ;
#1374=CIRCLE('generated circle',#1373,12.5) ;
#1383=CIRCLE('generated circle',#1382,12.5) ;
#1402=CIRCLE('generated circle',#1401,5.) ;
#1431=CIRCLE('generated circle',#1430,17.5) ;
#1438=CIRCLE('generated circle',#1437,5.) ;
#1472=CIRCLE('generated circle',#1471,17.5) ;
#1490=CIRCLE('generated circle',#1489,12.5) ;
#1499=CIRCLE('generated circle',#1498,12.5) ;
#1518=CIRCLE('generated circle',#1517,5.) ;
#1525=CIRCLE('generated circle',#1524,5.) ;
#1532=CIRCLE('generated circle',#1531,17.5) ;
#1539=CIRCLE('generated circle',#1538,17.5) ;
#1557=CIRCLE('generated circle',#1556,17.5) ;
#1564=CIRCLE('generated circle',#1563,17.5) ;
#1582=CIRCLE('generated circle',#1581,17.5) ;
#1591=CIRCLE('generated circle',#1590,17.5) ;
#1605=CIRCLE('generated circle',#1604,17.5) ;
#1612=CIRCLE('generated circle',#1611,17.5) ;
#1633=CIRCLE('generated circle',#1632,17.5) ;
#1642=CIRCLE('generated circle',#1641,17.5) ;
#1656=CIRCLE('generated circle',#1655,17.5) ;
#1663=CIRCLE('generated circle',#1662,17.5) ;
#1684=CIRCLE('generated circle',#1683,17.5) ;
#1691=CIRCLE('generated circle',#1690,17.5) ;
#1696=CIRCLE('generated circle',#1695,17.5) ;
#1703=CIRCLE('generated circle',#1702,17.5) ;
#1717=CIRCLE('generated circle',#1716,17.5) ;
#1724=CIRCLE('generated circle',#1723,17.5) ;
#1729=CIRCLE('generated circle',#1728,17.5) ;
#1736=CIRCLE('generated circle',#1735,17.5) ;
#1779=CIRCLE('generated circle',#1778,17.4696727467) ;
#1799=CIRCLE('generated circle',#1798,17.4696727467) ;
#1854=CIRCLE('generated circle',#1853,17.4696727467) ;
#1859=CIRCLE('generated circle',#1858,17.4696727467) ;
#1963=CIRCLE('generated circle',#1962,17.4696727467) ;
#1983=CIRCLE('generated circle',#1982,17.4696727467) ;
#2038=CIRCLE('generated circle',#2037,17.4696727467) ;
#2043=CIRCLE('generated circle',#2042,17.4696727467) ;
#2147=CIRCLE('generated circle',#2146,17.4696727467) ;
#2167=CIRCLE('generated circle',#2166,17.4696727467) ;
#2222=CIRCLE('generated circle',#2221,17.4696727467) ;
#2227=CIRCLE('generated circle',#2226,17.4696727467) ;
#2394=CIRCLE('generated circle',#2393,1.5) ;
#2410=CIRCLE('generated circle',#2409,1.5) ;
#2429=CIRCLE('generated circle',#2428,1.5) ;
#2434=CIRCLE('generated circle',#2433,1.5) ;
#2461=CIRCLE('generated circle',#2460,6.) ;
#2477=CIRCLE('generated circle',#2476,6.) ;
#2567=CIRCLE('generated circle',#2566,6.) ;
#2579=CIRCLE('generated circle',#2578,6.) ;
#1008=CONTEXT_DEPENDENT_SHAPE_REPRESENTATION(#1009,#1007) ;
#1183=CONTEXT_DEPENDENT_SHAPE_REPRESENTATION(#1184,#1182) ;
#1287=CONTEXT_DEPENDENT_SHAPE_REPRESENTATION(#1288,#1286) ;
#2304=CONTEXT_DEPENDENT_SHAPE_REPRESENTATION(#2305,#2303) ;
#2319=CONTEXT_DEPENDENT_SHAPE_REPRESENTATION(#2320,#2318) ;
#2334=CONTEXT_DEPENDENT_SHAPE_REPRESENTATION(#2335,#2333) ;
#2349=CONTEXT_DEPENDENT_SHAPE_REPRESENTATION(#2350,#2348) ;
#2364=CONTEXT_DEPENDENT_SHAPE_REPRESENTATION(#2365,#2363) ;
#2605=CONTEXT_DEPENDENT_SHAPE_REPRESENTATION(#2606,#2604) ;
#2620=CONTEXT_DEPENDENT_SHAPE_REPRESENTATION(#2621,#2619) ;
#1005=SHAPE_REPRESENTATION_RELATIONSHIP(' ',' ',#54,#1004) ;
#1180=SHAPE_REPRESENTATION_RELATIONSHIP(' ',' ',#1021,#1179) ;
#1284=SHAPE_REPRESENTATION_RELATIONSHIP(' ',' ',#1196,#1283) ;
#2301=SHAPE_REPRESENTATION_RELATIONSHIP(' ',' ',#1300,#2300) ;
#2602=SHAPE_REPRESENTATION_RELATIONSHIP(' ',' ',#2377,#2601) ;
#289=CYLINDRICAL_SURFACE('generated cylinder',#288,6.) ;
#589=CYLINDRICAL_SURFACE('generated cylinder',#588,50.) ;
#651=CYLINDRICAL_SURFACE('generated cylinder',#650,130.) ;
#746=CYLINDRICAL_SURFACE('generated cylinder',#745,4.) ;
#820=CYLINDRICAL_SURFACE('generated cylinder',#819,4.) ;
#889=CYLINDRICAL_SURFACE('generated cylinder',#888,4.) ;
#958=CYLINDRICAL_SURFACE('generated cylinder',#957,4.) ;
#1034=CYLINDRICAL_SURFACE('generated cylinder',#1033,6.) ;
#1074=CYLINDRICAL_SURFACE('generated cylinder',#1073,2.) ;
#1105=CYLINDRICAL_SURFACE('generated cylinder',#1104,6.) ;
#1136=CYLINDRICAL_SURFACE('generated cylinder',#1135,2.) ;
#1209=CYLINDRICAL_SURFACE('generated cylinder',#1208,4.) ;
#1313=CYLINDRICAL_SURFACE('generated cylinder',#1312,1.5) ;
#1578=CYLINDRICAL_SURFACE('generated cylinder',#1577,17.5) ;
#2390=CYLINDRICAL_SURFACE('generated cylinder',#2389,1.5) ;
#2563=CYLINDRICAL_SURFACE('generated cylinder',#2562,6.) ;
#1398=TOROIDAL_SURFACE('homeo Torus',#1397,12.5,5.) ;
#1452=TOROIDAL_SURFACE('homeo Torus',#1451,12.5,5.) ;
#1514=TOROIDAL_SURFACE('homeo Torus',#1513,12.5,5.) ;
#1553=TOROIDAL_SURFACE('homeo Torus',#1552,12.5,5.) ;
#3=DESIGN_CONTEXT(' ',#1,'design') ;
#76=EDGE_CURVE('',#73,#75,#71,.T.) ;
#83=EDGE_CURVE('',#75,#82,#80,.F.) ;
#90=EDGE_CURVE('',#82,#89,#87,.T.) ;
#95=EDGE_CURVE('',#89,#73,#94,.F.) ;
#114=EDGE_CURVE('',#113,#75,#111,.T.) ;
#121=EDGE_CURVE('',#120,#73,#118,.T.) ;
#128=EDGE_CURVE('',#120,#127,#125,.T.) ;
#135=EDGE_CURVE('',#134,#127,#132,.T.) ;
#142=EDGE_CURVE('',#141,#134,#139,.T.) ;
#149=EDGE_CURVE('',#148,#141,#146,.T.) ;
#154=EDGE_CURVE('',#148,#113,#153,.T.) ;
#177=EDGE_CURVE('',#176,#113,#174,.T.) ;
#182=EDGE_CURVE('',#176,#82,#181,.T.) ;
#201=EDGE_CURVE('',#200,#89,#198,.T.) ;
#208=EDGE_CURVE('',#176,#207,#205,.T.) ;
#215=EDGE_CURVE('',#214,#207,#212,.F.) ;
#222=EDGE_CURVE('',#221,#214,#219,.T.) ;
#229=EDGE_CURVE('',#228,#221,#226,.F.) ;
#234=EDGE_CURVE('',#228,#200,#233,.T.) ;
#255=EDGE_CURVE('',#120,#200,#254,.T.) ;
#272=EDGE_CURVE('',#127,#228,#271,.T.) ;
#277=EDGE_CURVE('',#221,#134,#276,.T.) ;
#294=EDGE_CURVE('',#214,#141,#293,.F.) ;
#311=EDGE_CURVE('',#148,#207,#310,.T.) ;
#327=EDGE_CURVE('',#324,#326,#322,.T.) ;
#334=EDGE_CURVE('',#326,#333,#331,.F.) ;
#341=EDGE_CURVE('',#333,#340,#338,.T.) ;
#346=EDGE_CURVE('',#340,#324,#345,.F.) ;
#365=EDGE_CURVE('',#364,#326,#362,.T.) ;
#372=EDGE_CURVE('',#371,#324,#369,.T.) ;
#379=EDGE_CURVE('',#371,#378,#376,.T.) ;
#386=EDGE_CURVE('',#385,#378,#383,.T.) ;
#393=EDGE_CURVE('',#392,#385,#390,.T.) ;
#400=EDGE_CURVE('',#399,#392,#397,.T.) ;
#405=EDGE_CURVE('',#399,#364,#404,.T.) ;
#423=EDGE_CURVE('',#422,#364,#420,.T.) ;
#428=EDGE_CURVE('',#422,#333,#427,.T.) ;
#447=EDGE_CURVE('',#446,#340,#444,.T.) ;
#454=EDGE_CURVE('',#422,#453,#451,.T.) ;
#461=EDGE_CURVE('',#453,#460,#458,.T.) ;
#468=EDGE_CURVE('',#467,#460,#465,.T.) ;
#475=EDGE_CURVE('',#467,#474,#472,.T.) ;
#480=EDGE_CURVE('',#474,#446,#479,.T.) ;
#496=EDGE_CURVE('',#371,#446,#495,.T.) ;
#508=EDGE_CURVE('',#378,#474,#507,.T.) ;
#513=EDGE_CURVE('',#467,#385,#512,.T.) ;
#525=EDGE_CURVE('',#460,#392,#524,.F.) ;
#537=EDGE_CURVE('',#399,#453,#536,.T.) ;
#558=EDGE_CURVE('',#555,#557,#553,.T.) ;
#565=EDGE_CURVE('',#555,#564,#562,.F.) ;
#572=EDGE_CURVE('',#564,#571,#569,.T.) ;
#577=EDGE_CURVE('',#557,#571,#576,.F.) ;
#596=EDGE_CURVE('',#564,#595,#593,.T.) ;
#603=EDGE_CURVE('',#595,#602,#600,.T.) ;
#608=EDGE_CURVE('',#571,#602,#607,.T.) ;
#627=EDGE_CURVE('',#595,#626,#624,.F.) ;
#634=EDGE_CURVE('',#626,#633,#631,.T.) ;
#639=EDGE_CURVE('',#602,#633,#638,.F.) ;
#656=EDGE_CURVE('',#626,#555,#655,.T.) ;
#661=EDGE_CURVE('',#633,#557,#660,.T.) ;
#731=EDGE_CURVE('',#728,#730,#726,.T.) ;
#736=EDGE_CURVE('',#730,#728,#735,.T.) ;
#755=EDGE_CURVE('',#752,#754,#750,.T.) ;
#760=EDGE_CURVE('',#728,#754,#759,.F.) ;
#765=EDGE_CURVE('',#730,#752,#764,.F.) ;
#777=EDGE_CURVE('',#754,#752,#776,.T.) ;
#805=EDGE_CURVE('',#802,#804,#800,.T.) ;
#810=EDGE_CURVE('',#804,#802,#809,.T.) ;
#829=EDGE_CURVE('',#826,#828,#824,.T.) ;
#834=EDGE_CURVE('',#802,#828,#833,.F.) ;
#839=EDGE_CURVE('',#804,#826,#838,.F.) ;
#851=EDGE_CURVE('',#828,#826,#850,.T.) ;
#874=EDGE_CURVE('',#871,#873,#869,.T.) ;
#879=EDGE_CURVE('',#873,#871,#878,.T.) ;
#898=EDGE_CURVE('',#895,#897,#893,.T.) ;
#903=EDGE_CURVE('',#871,#897,#902,.F.) ;
#908=EDGE_CURVE('',#873,#895,#907,.F.) ;
#920=EDGE_CURVE('',#897,#895,#919,.T.) ;
#943=EDGE_CURVE('',#940,#942,#938,.T.) ;
#948=EDGE_CURVE('',#942,#940,#947,.T.) ;
#967=EDGE_CURVE('',#964,#966,#962,.T.) ;
#972=EDGE_CURVE('',#940,#966,#971,.F.) ;
#977=EDGE_CURVE('',#942,#964,#976,.F.) ;
#989=EDGE_CURVE('',#966,#964,#988,.T.) ;
#1043=EDGE_CURVE('',#1040,#1042,#1038,.T.) ;
#1050=EDGE_CURVE('',#1040,#1049,#1047,.T.) ;
#1057=EDGE_CURVE('',#1049,#1056,#1054,.T.) ;
#1062=EDGE_CURVE('',#1042,#1056,#1061,.T.) ;
#1081=EDGE_CURVE('',#1049,#1080,#1078,.F.) ;
#1088=EDGE_CURVE('',#1080,#1087,#1085,.T.) ;
#1093=EDGE_CURVE('',#1056,#1087,#1092,.F.) ;
#1112=EDGE_CURVE('',#1080,#1111,#1109,.T.) ;
#1119=EDGE_CURVE('',#1111,#1118,#1116,.T.) ;
#1124=EDGE_CURVE('',#1087,#1118,#1123,.T.) ;
#1141=EDGE_CURVE('',#1111,#1040,#1140,.F.) ;
#1146=EDGE_CURVE('',#1118,#1042,#1145,.F.) ;
#1218=EDGE_CURVE('',#1215,#1217,#1213,.T.) ;
#1225=EDGE_CURVE('',#1215,#1224,#1222,.T.) ;
#1232=EDGE_CURVE('',#1224,#1231,#1229,.T.) ;
#1237=EDGE_CURVE('',#1217,#1231,#1236,.T.) ;
#1249=EDGE_CURVE('',#1224,#1215,#1248,.T.) ;
#1254=EDGE_CURVE('',#1231,#1217,#1253,.T.) ;
#1322=EDGE_CURVE('',#1319,#1321,#1317,.T.) ;
#1329=EDGE_CURVE('',#1328,#1321,#1326,.T.) ;
#1336=EDGE_CURVE('',#1335,#1328,#1333,.T.) ;
#1341=EDGE_CURVE('',#1335,#1319,#1340,.T.) ;
#1353=EDGE_CURVE('',#1321,#1319,#1352,.T.) ;
#1358=EDGE_CURVE('',#1328,#1335,#1357,.T.) ;
#1379=EDGE_CURVE('',#1376,#1378,#1374,.T.) ;
#1384=EDGE_CURVE('',#1378,#1376,#1383,.T.) ;
#1405=EDGE_CURVE('',#1376,#1404,#1402,.F.) ;
#1427=EDGE_CURVE('',#1404,#1426,#1406,.T.) ;
#1434=EDGE_CURVE('',#1426,#1433,#1431,.T.) ;
#1439=EDGE_CURVE('',#1378,#1433,#1438,.F.) ;
#1468=EDGE_CURVE('',#1433,#1467,#1453,.T.) ;
#1473=EDGE_CURVE('',#1467,#1404,#1472,.T.) ;
#1495=EDGE_CURVE('',#1492,#1494,#1490,.T.) ;
#1500=EDGE_CURVE('',#1494,#1492,#1499,.T.) ;
#1521=EDGE_CURVE('',#1520,#1494,#1518,.F.) ;
#1528=EDGE_CURVE('',#1527,#1492,#1525,.F.) ;
#1535=EDGE_CURVE('',#1534,#1527,#1532,.T.) ;
#1540=EDGE_CURVE('',#1520,#1534,#1539,.T.) ;
#1560=EDGE_CURVE('',#1559,#1520,#1557,.T.) ;
#1565=EDGE_CURVE('',#1527,#1559,#1564,.T.) ;
#1587=EDGE_CURVE('',#1584,#1586,#1582,.F.) ;
#1594=EDGE_CURVE('',#1593,#1586,#1591,.T.) ;
#1601=EDGE_CURVE('',#1600,#1593,#1598,.T.) ;
#1608=EDGE_CURVE('',#1600,#1607,#1605,.T.) ;
#1615=EDGE_CURVE('',#1614,#1607,#1612,.F.) ;
#1620=EDGE_CURVE('',#1614,#1584,#1619,.T.) ;
#1638=EDGE_CURVE('',#1635,#1637,#1633,.T.) ;
#1645=EDGE_CURVE('',#1644,#1637,#1642,.F.) ;
#1652=EDGE_CURVE('',#1644,#1651,#1649,.T.) ;
#1659=EDGE_CURVE('',#1651,#1658,#1656,.F.) ;
#1666=EDGE_CURVE('',#1665,#1658,#1663,.T.) ;
#1671=EDGE_CURVE('',#1635,#1665,#1670,.T.) ;
#1687=EDGE_CURVE('',#1593,#1686,#1684,.F.) ;
#1692=EDGE_CURVE('',#1584,#1686,#1691,.T.) ;
#1699=EDGE_CURVE('',#1614,#1698,#1696,.T.) ;
#1704=EDGE_CURVE('',#1600,#1698,#1703,.F.) ;
#1720=EDGE_CURVE('',#1644,#1719,#1717,.T.) ;
#1725=EDGE_CURVE('',#1635,#1719,#1724,.F.) ;
#1732=EDGE_CURVE('',#1665,#1731,#1729,.F.) ;
#1737=EDGE_CURVE('',#1651,#1731,#1736,.T.) ;
#1775=EDGE_CURVE('',#1772,#1774,#1761,.T.) ;
#1782=EDGE_CURVE('',#1781,#1774,#1779,.T.) ;
#1795=EDGE_CURVE('',#1794,#1781,#1783,.T.) ;
#1800=EDGE_CURVE('',#1794,#1772,#1799,.T.) ;
#1822=EDGE_CURVE('',#1559,#1772,#1817,.T.) ;
#1828=EDGE_CURVE('',#1534,#1794,#1823,.T.) ;
#1855=EDGE_CURVE('',#1774,#1781,#1854,.T.) ;
#1860=EDGE_CURVE('',#1772,#1794,#1859,.T.) ;
#1882=EDGE_CURVE('',#1781,#1698,#1877,.T.) ;
#1888=EDGE_CURVE('',#1774,#1607,#1883,.T.) ;
#1959=EDGE_CURVE('',#1956,#1958,#1945,.T.) ;
#1966=EDGE_CURVE('',#1965,#1958,#1963,.T.) ;
#1979=EDGE_CURVE('',#1978,#1965,#1967,.T.) ;
#1984=EDGE_CURVE('',#1978,#1956,#1983,.T.) ;
#2006=EDGE_CURVE('',#1586,#1956,#2001,.T.) ;
#2012=EDGE_CURVE('',#1686,#1978,#2007,.T.) ;
#2039=EDGE_CURVE('',#1958,#1965,#2038,.T.) ;
#2044=EDGE_CURVE('',#1956,#1978,#2043,.T.) ;
#2066=EDGE_CURVE('',#1965,#1719,#2061,.T.) ;
#2072=EDGE_CURVE('',#1958,#1637,#2067,.T.) ;
#2143=EDGE_CURVE('',#2140,#2142,#2129,.T.) ;
#2150=EDGE_CURVE('',#2149,#2142,#2147,.T.) ;
#2163=EDGE_CURVE('',#2162,#2149,#2151,.T.) ;
#2168=EDGE_CURVE('',#2162,#2140,#2167,.T.) ;
#2190=EDGE_CURVE('',#1658,#2140,#2185,.T.) ;
#2196=EDGE_CURVE('',#1731,#2162,#2191,.T.) ;
#2223=EDGE_CURVE('',#2142,#2149,#2222,.T.) ;
#2228=EDGE_CURVE('',#2140,#2162,#2227,.T.) ;
#2250=EDGE_CURVE('',#2149,#1426,#2245,.T.) ;
#2256=EDGE_CURVE('',#2142,#1467,#2251,.T.) ;
#2399=EDGE_CURVE('',#2396,#2398,#2394,.T.) ;
#2406=EDGE_CURVE('',#2405,#2398,#2403,.F.) ;
#2413=EDGE_CURVE('',#2412,#2405,#2410,.T.) ;
#2418=EDGE_CURVE('',#2412,#2396,#2417,.F.) ;
#2430=EDGE_CURVE('',#2398,#2396,#2429,.T.) ;
#2435=EDGE_CURVE('',#2405,#2412,#2434,.T.) ;
#2466=EDGE_CURVE('',#2463,#2465,#2461,.T.) ;
#2473=EDGE_CURVE('',#2472,#2463,#2470,.T.) ;
#2480=EDGE_CURVE('',#2479,#2472,#2477,.T.) ;
#2485=EDGE_CURVE('',#2465,#2479,#2484,.T.) ;
#2508=EDGE_CURVE('',#2463,#2507,#2505,.T.) ;
#2515=EDGE_CURVE('',#2514,#2507,#2512,.T.) ;
#2520=EDGE_CURVE('',#2472,#2514,#2519,.T.) ;
#2539=EDGE_CURVE('',#2479,#2538,#2536,.T.) ;
#2546=EDGE_CURVE('',#2545,#2538,#2543,.T.) ;
#2551=EDGE_CURVE('',#2465,#2545,#2550,.T.) ;
#2568=EDGE_CURVE('',#2507,#2545,#2567,.T.) ;
#2580=EDGE_CURVE('',#2538,#2514,#2579,.T.) ;
#96=EDGE_LOOP('',(#97,#98,#99,#100)) ;
#155=EDGE_LOOP('',(#156,#157,#158,#159,#160,#161,#162,#163)) ;
#183=EDGE_LOOP('',(#184,#185,#186,#187)) ;
#235=EDGE_LOOP('',(#236,#237,#238,#239,#240,#241,#242,#243)) ;
#256=EDGE_LOOP('',(#257,#258,#259,#260)) ;
#278=EDGE_LOOP('',(#279,#280,#281,#282)) ;
#295=EDGE_LOOP('',(#296,#297,#298,#299)) ;
#312=EDGE_LOOP('',(#313,#314,#315,#316)) ;
#347=EDGE_LOOP('',(#348,#349,#350,#351)) ;
#406=EDGE_LOOP('',(#407,#408,#409,#410,#411,#412,#413,#414)) ;
#429=EDGE_LOOP('',(#430,#431,#432,#433)) ;
#481=EDGE_LOOP('',(#482,#483,#484,#485,#486,#487,#488,#489)) ;
#497=EDGE_LOOP('',(#498,#499,#500,#501)) ;
#514=EDGE_LOOP('',(#515,#516,#517,#518)) ;
#526=EDGE_LOOP('',(#527,#528,#529,#530)) ;
#538=EDGE_LOOP('',(#539,#540,#541,#542)) ;
#578=EDGE_LOOP('',(#579,#580,#581,#582)) ;
#609=EDGE_LOOP('',(#610,#611,#612,#613)) ;
#640=EDGE_LOOP('',(#641,#642,#643,#644)) ;
#662=EDGE_LOOP('',(#663,#664,#665,#666)) ;
#674=EDGE_LOOP('',(#675,#676,#677,#678)) ;
#680=EDGE_LOOP('',(#681,#682,#683,#684)) ;
#686=EDGE_LOOP('',(#687,#688,#689,#690)) ;
#692=EDGE_LOOP('',(#693,#694,#695,#696)) ;
#698=EDGE_LOOP('',(#699,#700,#701,#702)) ;
#710=EDGE_LOOP('',(#711,#712,#713,#714)) ;
#737=EDGE_LOOP('',(#738,#739)) ;
#766=EDGE_LOOP('',(#767,#768,#769,#770)) ;
#778=EDGE_LOOP('',(#779,#780,#781,#782)) ;
#790=EDGE_LOOP('',(#791,#792)) ;
#811=EDGE_LOOP('',(#812,#813)) ;
#840=EDGE_LOOP('',(#841,#842,#843,#844)) ;
#852=EDGE_LOOP('',(#853,#854,#855,#856)) ;
#859=EDGE_LOOP('',(#860,#861)) ;
#880=EDGE_LOOP('',(#881,#882)) ;
#909=EDGE_LOOP('',(#910,#911,#912,#913)) ;
#921=EDGE_LOOP('',(#922,#923,#924,#925)) ;
#928=EDGE_LOOP('',(#929,#930)) ;
#949=EDGE_LOOP('',(#950,#951)) ;
#978=EDGE_LOOP('',(#979,#980,#981,#982)) ;
#990=EDGE_LOOP('',(#991,#992,#993,#994)) ;
#997=EDGE_LOOP('',(#998,#999)) ;
#1063=EDGE_LOOP('',(#1064,#1065,#1066,#1067)) ;
#1094=EDGE_LOOP('',(#1095,#1096,#1097,#1098)) ;
#1125=EDGE_LOOP('',(#1126,#1127,#1128,#1129)) ;
#1147=EDGE_LOOP('',(#1148,#1149,#1150,#1151)) ;
#1159=EDGE_LOOP('',(#1160,#1161,#1162,#1163)) ;
#1171=EDGE_LOOP('',(#1172,#1173,#1174,#1175)) ;
#1238=EDGE_LOOP('',(#1239,#1240,#1241,#1242)) ;
#1255=EDGE_LOOP('',(#1256,#1257,#1258,#1259)) ;
#1267=EDGE_LOOP('',(#1268,#1269)) ;
#1277=EDGE_LOOP('',(#1278,#1279)) ;
#1342=EDGE_LOOP('',(#1343,#1344,#1345,#1346)) ;
#1359=EDGE_LOOP('',(#1360,#1361,#1362,#1363)) ;
#1385=EDGE_LOOP('',(#1386,#1387)) ;
#1389=EDGE_LOOP('',(#1390,#1391)) ;
#1440=EDGE_LOOP('',(#1441,#1442,#1443,#1444,#1445)) ;
#1474=EDGE_LOOP('',(#1475,#1476,#1477,#1478,#1479)) ;
#1501=EDGE_LOOP('',(#1502,#1503)) ;
#1505=EDGE_LOOP('',(#1506,#1507)) ;
#1541=EDGE_LOOP('',(#1542,#1543,#1544,#1545,#1546)) ;
#1566=EDGE_LOOP('',(#1567,#1568,#1569,#1570,#1571)) ;
#1621=EDGE_LOOP('',(#1622,#1623,#1624,#1625,#1626,#1627)) ;
#1672=EDGE_LOOP('',(#1673,#1674,#1675,#1676,#1677,#1678)) ;
#1705=EDGE_LOOP('',(#1706,#1707,#1708,#1709,#1710,#1711)) ;
#1738=EDGE_LOOP('',(#1739,#1740,#1741,#1742,#1743,#1744)) ;
#1801=EDGE_LOOP('',(#1802,#1803,#1804,#1805)) ;
#1829=EDGE_LOOP('',(#1830,#1831,#1832,#1833,#1834)) ;
#1861=EDGE_LOOP('',(#1862,#1863,#1864,#1865)) ;
#1889=EDGE_LOOP('',(#1890,#1891,#1892,#1893,#1894)) ;
#1906=EDGE_LOOP('',(#1907,#1908,#1909,#1910,#1911)) ;
#1923=EDGE_LOOP('',(#1924,#1925,#1926,#1927,#1928)) ;
#1985=EDGE_LOOP('',(#1986,#1987,#1988,#1989)) ;
#2013=EDGE_LOOP('',(#2014,#2015,#2016,#2017,#2018)) ;
#2045=EDGE_LOOP('',(#2046,#2047,#2048,#2049)) ;
#2073=EDGE_LOOP('',(#2074,#2075,#2076,#2077,#2078)) ;
#2090=EDGE_LOOP('',(#2091,#2092,#2093,#2094,#2095)) ;
#2107=EDGE_LOOP('',(#2108,#2109,#2110,#2111,#2112)) ;
#2169=EDGE_LOOP('',(#2170,#2171,#2172,#2173)) ;
#2197=EDGE_LOOP('',(#2198,#2199,#2200,#2201,#2202)) ;
#2229=EDGE_LOOP('',(#2230,#2231,#2232,#2233)) ;
#2257=EDGE_LOOP('',(#2258,#2259,#2260,#2261,#2262)) ;
#2274=EDGE_LOOP('',(#2275,#2276,#2277,#2278,#2279)) ;
#2291=EDGE_LOOP('',(#2292,#2293,#2294,#2295,#2296)) ;
#2419=EDGE_LOOP('',(#2420,#2421,#2422,#2423)) ;
#2436=EDGE_LOOP('',(#2437,#2438,#2439,#2440)) ;
#2448=EDGE_LOOP('',(#2449,#2450)) ;
#2486=EDGE_LOOP('',(#2487,#2488,#2489,#2490)) ;
#2492=EDGE_LOOP('',(#2493,#2494)) ;
#2521=EDGE_LOOP('',(#2522,#2523,#2524,#2525)) ;
#2552=EDGE_LOOP('',(#2553,#2554,#2555,#2556)) ;
#2569=EDGE_LOOP('',(#2570,#2571,#2572,#2573)) ;
#2581=EDGE_LOOP('',(#2582,#2583,#2584,#2585)) ;
#2593=EDGE_LOOP('',(#2594,#2595,#2596,#2597)) ;
#101=FACE_OUTER_BOUND('',#96,.T.) ;
#164=FACE_OUTER_BOUND('',#155,.T.) ;
#188=FACE_OUTER_BOUND('',#183,.T.) ;
#244=FACE_OUTER_BOUND('',#235,.T.) ;
#261=FACE_OUTER_BOUND('',#256,.T.) ;
#283=FACE_OUTER_BOUND('',#278,.T.) ;
#300=FACE_OUTER_BOUND('',#295,.T.) ;
#317=FACE_OUTER_BOUND('',#312,.T.) ;
#352=FACE_OUTER_BOUND('',#347,.T.) ;
#415=FACE_OUTER_BOUND('',#406,.T.) ;
#434=FACE_OUTER_BOUND('',#429,.T.) ;
#490=FACE_OUTER_BOUND('',#481,.T.) ;
#502=FACE_OUTER_BOUND('',#497,.T.) ;
#519=FACE_OUTER_BOUND('',#514,.T.) ;
#531=FACE_OUTER_BOUND('',#526,.T.) ;
#543=FACE_OUTER_BOUND('',#538,.T.) ;
#583=FACE_OUTER_BOUND('',#578,.T.) ;
#614=FACE_OUTER_BOUND('',#609,.T.) ;
#645=FACE_OUTER_BOUND('',#640,.T.) ;
#667=FACE_OUTER_BOUND('',#662,.T.) ;
#679=FACE_OUTER_BOUND('',#674,.T.) ;
#715=FACE_OUTER_BOUND('',#710,.T.) ;
#740=FACE_OUTER_BOUND('',#737,.T.) ;
#771=FACE_OUTER_BOUND('',#766,.T.) ;
#783=FACE_OUTER_BOUND('',#778,.T.) ;
#793=FACE_OUTER_BOUND('',#790,.T.) ;
#814=FACE_OUTER_BOUND('',#811,.T.) ;
#845=FACE_OUTER_BOUND('',#840,.T.) ;
#857=FACE_OUTER_BOUND('',#852,.T.) ;
#862=FACE_OUTER_BOUND('',#859,.T.) ;
#883=FACE_OUTER_BOUND('',#880,.T.) ;
#914=FACE_OUTER_BOUND('',#909,.T.) ;
#926=FACE_OUTER_BOUND('',#921,.T.) ;
#931=FACE_OUTER_BOUND('',#928,.T.) ;
#952=FACE_OUTER_BOUND('',#949,.T.) ;
#983=FACE_OUTER_BOUND('',#978,.T.) ;
#995=FACE_OUTER_BOUND('',#990,.T.) ;
#1000=FACE_OUTER_BOUND('',#997,.T.) ;
#1068=FACE_OUTER_BOUND('',#1063,.T.) ;
#1099=FACE_OUTER_BOUND('',#1094,.T.) ;
#1130=FACE_OUTER_BOUND('',#1125,.T.) ;
#1152=FACE_OUTER_BOUND('',#1147,.T.) ;
#1164=FACE_OUTER_BOUND('',#1159,.T.) ;
#1176=FACE_OUTER_BOUND('',#1171,.T.) ;
#1243=FACE_OUTER_BOUND('',#1238,.T.) ;
#1260=FACE_OUTER_BOUND('',#1255,.T.) ;
#1270=FACE_OUTER_BOUND('',#1267,.T.) ;
#1280=FACE_OUTER_BOUND('',#1277,.T.) ;
#1347=FACE_OUTER_BOUND('',#1342,.T.) ;
#1364=FACE_OUTER_BOUND('',#1359,.T.) ;
#1388=FACE_OUTER_BOUND('',#1385,.T.) ;
#1446=FACE_OUTER_BOUND('',#1440,.T.) ;
#1480=FACE_OUTER_BOUND('',#1474,.T.) ;
#1504=FACE_OUTER_BOUND('',#1501,.T.) ;
#1547=FACE_OUTER_BOUND('',#1541,.T.) ;
#1572=FACE_OUTER_BOUND('',#1566,.T.) ;
#1628=FACE_OUTER_BOUND('',#1621,.T.) ;
#1679=FACE_OUTER_BOUND('',#1672,.T.) ;
#1712=FACE_OUTER_BOUND('',#1705,.T.) ;
#1745=FACE_OUTER_BOUND('',#1738,.T.) ;
#1806=FACE_OUTER_BOUND('',#1801,.T.) ;
#1835=FACE_OUTER_BOUND('',#1829,.T.) ;
#1866=FACE_OUTER_BOUND('',#1861,.T.) ;
#1895=FACE_OUTER_BOUND('',#1889,.T.) ;
#1912=FACE_OUTER_BOUND('',#1906,.T.) ;
#1929=FACE_OUTER_BOUND('',#1923,.T.) ;
#1990=FACE_OUTER_BOUND('',#1985,.T.) ;
#2019=FACE_OUTER_BOUND('',#2013,.T.) ;
#2050=FACE_OUTER_BOUND('',#2045,.T.) ;
#2079=FACE_OUTER_BOUND('',#2073,.T.) ;
#2096=FACE_OUTER_BOUND('',#2090,.T.) ;
#2113=FACE_OUTER_BOUND('',#2107,.T.) ;
#2174=FACE_OUTER_BOUND('',#2169,.T.) ;
#2203=FACE_OUTER_BOUND('',#2197,.T.) ;
#2234=FACE_OUTER_BOUND('',#2229,.T.) ;
#2263=FACE_OUTER_BOUND('',#2257,.T.) ;
#2280=FACE_OUTER_BOUND('',#2274,.T.) ;
#2297=FACE_OUTER_BOUND('',#2291,.T.) ;
#2424=FACE_OUTER_BOUND('',#2419,.T.) ;
#2441=FACE_OUTER_BOUND('',#2436,.T.) ;
#2451=FACE_OUTER_BOUND('',#2448,.T.) ;
#2491=FACE_OUTER_BOUND('',#2486,.T.) ;
#2526=FACE_OUTER_BOUND('',#2521,.T.) ;
#2557=FACE_OUTER_BOUND('',#2552,.T.) ;
#2574=FACE_OUTER_BOUND('',#2569,.T.) ;
#2586=FACE_OUTER_BOUND('',#2581,.T.) ;
#2598=FACE_OUTER_BOUND('',#2593,.T.) ;
#50=UNCERTAINTY_MEASURE_WITH_UNIT(LENGTH_MEASURE(0.005),#46,'distance_accuracy_value','CONFUSED CURVE UNCERTAINTY') ;
#52=UNCERTAINTY_MEASURE_WITH_UNIT(LENGTH_MEASURE(0.005),#46,'distance_accuracy_value','CONFUSED CURVE UNCERTAINTY') ;
#1019=UNCERTAINTY_MEASURE_WITH_UNIT(LENGTH_MEASURE(0.005),#46,'distance_accuracy_value','CONFUSED CURVE UNCERTAINTY') ;
#1194=UNCERTAINTY_MEASURE_WITH_UNIT(LENGTH_MEASURE(0.005),#46,'distance_accuracy_value','CONFUSED CURVE UNCERTAINTY') ;
#1298=UNCERTAINTY_MEASURE_WITH_UNIT(LENGTH_MEASURE(0.005),#46,'distance_accuracy_value','CONFUSED CURVE UNCERTAINTY') ;
#2315=UNCERTAINTY_MEASURE_WITH_UNIT(LENGTH_MEASURE(0.005),#46,'distance_accuracy_value','CONFUSED CURVE UNCERTAINTY') ;
#2330=UNCERTAINTY_MEASURE_WITH_UNIT(LENGTH_MEASURE(0.005),#46,'distance_accuracy_value','CONFUSED CURVE UNCERTAINTY') ;
#2345=UNCERTAINTY_MEASURE_WITH_UNIT(LENGTH_MEASURE(0.005),#46,'distance_accuracy_value','CONFUSED CURVE UNCERTAINTY') ;
#2360=UNCERTAINTY_MEASURE_WITH_UNIT(LENGTH_MEASURE(0.005),#46,'distance_accuracy_value','CONFUSED CURVE UNCERTAINTY') ;
#2375=UNCERTAINTY_MEASURE_WITH_UNIT(LENGTH_MEASURE(0.005),#46,'distance_accuracy_value','CONFUSED CURVE UNCERTAINTY') ;
#2616=UNCERTAINTY_MEASURE_WITH_UNIT(LENGTH_MEASURE(0.005),#46,'distance_accuracy_value','CONFUSED CURVE UNCERTAINTY') ;
#71=LINE('Line',#68,#70) ;
#80=LINE('Line',#77,#79) ;
#87=LINE('Line',#84,#86) ;
#94=LINE('Line',#91,#93) ;
#111=LINE('Line',#108,#110) ;
#118=LINE('Line',#115,#117) ;
#125=LINE('Line',#122,#124) ;
#132=LINE('Line',#129,#131) ;
#146=LINE('Line',#143,#145) ;
#153=LINE('Line',#150,#152) ;
#174=LINE('Line',#171,#173) ;
#181=LINE('Line',#178,#180) ;
#198=LINE('Line',#195,#197) ;
#205=LINE('Line',#202,#204) ;
#212=LINE('Line',#209,#211) ;
#226=LINE('Line',#223,#225) ;
#233=LINE('Line',#230,#232) ;
#254=LINE('Line',#251,#253) ;
#271=LINE('Line',#268,#270) ;
#276=LINE('Line',#273,#275) ;
#293=LINE('Line',#290,#292) ;
#310=LINE('Line',#307,#309) ;
#322=LINE('Line',#319,#321) ;
#331=LINE('Line',#328,#330) ;
#338=LINE('Line',#335,#337) ;
#345=LINE('Line',#342,#344) ;
#362=LINE('Line',#359,#361) ;
#369=LINE('Line',#366,#368) ;
#376=LINE('Line',#373,#375) ;
#383=LINE('Line',#380,#382) ;
#397=LINE('Line',#394,#396) ;
#404=LINE('Line',#401,#403) ;
#420=LINE('Line',#417,#419) ;
#427=LINE('Line',#424,#426) ;
#444=LINE('Line',#441,#443) ;
#451=LINE('Line',#448,#450) ;
#458=LINE('Line',#455,#457) ;
#472=LINE('Line',#469,#471) ;
#479=LINE('Line',#476,#478) ;
#495=LINE('Line',#492,#494) ;
#507=LINE('Line',#504,#506) ;
#512=LINE('Line',#509,#511) ;
#524=LINE('Line',#521,#523) ;
#536=LINE('Line',#533,#535) ;
#553=LINE('Line',#550,#552) ;
#562=LINE('Line',#559,#561) ;
#569=LINE('Line',#566,#568) ;
#576=LINE('Line',#573,#575) ;
#600=LINE('Line',#597,#599) ;
#624=LINE('Line',#621,#623) ;
#631=LINE('Line',#628,#630) ;
#638=LINE('Line',#635,#637) ;
#759=LINE('Line',#756,#758) ;
#764=LINE('Line',#761,#763) ;
#833=LINE('Line',#830,#832) ;
#838=LINE('Line',#835,#837) ;
#902=LINE('Line',#899,#901) ;
#907=LINE('Line',#904,#906) ;
#971=LINE('Line',#968,#970) ;
#976=LINE('Line',#973,#975) ;
#1038=LINE('Line',#1035,#1037) ;
#1054=LINE('Line',#1051,#1053) ;
#1085=LINE('Line',#1082,#1084) ;
#1116=LINE('Line',#1113,#1115) ;
#1213=LINE('Line',#1210,#1212) ;
#1229=LINE('Line',#1226,#1228) ;
#1326=LINE('Line',#1323,#1325) ;
#1340=LINE('Line',#1337,#1339) ;
#1598=LINE('Line',#1595,#1597) ;
#1619=LINE('Line',#1616,#1618) ;
#1649=LINE('Line',#1646,#1648) ;
#1670=LINE('Line',#1667,#1669) ;
#2403=LINE('Line',#2400,#2402) ;
#2417=LINE('Line',#2414,#2416) ;
#2470=LINE('Line',#2467,#2469) ;
#2484=LINE('Line',#2481,#2483) ;
#2505=LINE('Line',#2502,#2504) ;
#2512=LINE('Line',#2509,#2511) ;
#2519=LINE('Line',#2516,#2518) ;
#2536=LINE('Line',#2533,#2535) ;
#2543=LINE('Line',#2540,#2542) ;
#2550=LINE('Line',#2547,#2549) ;
#2=MECHANICAL_CONTEXT(' ',#1,'mechanical') ;
#1006=NEXT_ASSEMBLY_USAGE_OCCURRENCE('base.1','base.1','',#17,#58,' ') ;
#1181=NEXT_ASSEMBLY_USAGE_OCCURRENCE('baterias.1','baterias.1','',#17,#1025,' ') ;
#1285=NEXT_ASSEMBLY_USAGE_OCCURRENCE('colunas.1','colunas.1','',#17,#1200,' ') ;
#2302=NEXT_ASSEMBLY_USAGE_OCCURRENCE('rodas.1','rodas.1','',#17,#1304,' ') ;
#2317=NEXT_ASSEMBLY_USAGE_OCCURRENCE('colunas.2','colunas.2','',#17,#1200,' ') ;
#2332=NEXT_ASSEMBLY_USAGE_OCCURRENCE('colunas.3','colunas.3','',#17,#1200,' ') ;
#2347=NEXT_ASSEMBLY_USAGE_OCCURRENCE('colunas.4','colunas.4','',#17,#1200,' ') ;
#2362=NEXT_ASSEMBLY_USAGE_OCCURRENCE('rodas.2','rodas.2','',#17,#1304,' ') ;
#2603=NEXT_ASSEMBLY_USAGE_OCCURRENCE('Motor.1','Motor.1','',#17,#2381,' ') ;
#2618=NEXT_ASSEMBLY_USAGE_OCCURRENCE('Motor.2','Motor.2','',#17,#2381,' ') ;
#27=PERSONAL_ADDRESS(' ',' ',' ',' ',' ',' ',' ',' ',' ',' ',' ',' ',(#25),' ') ;
#67=PLANE('',#66) ;
#107=PLANE('',#106) ;
#170=PLANE('',#169) ;
#194=PLANE('',#193) ;
#250=PLANE('',#249) ;
#267=PLANE('',#266) ;
#306=PLANE('',#305) ;
#358=PLANE('',#357) ;
#440=PLANE('',#439) ;
#549=PLANE('',#548) ;
#620=PLANE('',#619) ;
#673=PLANE('',#672) ;
#709=PLANE('',#708) ;
#722=PLANE('',#721) ;
#789=PLANE('',#788) ;
#1158=PLANE('',#1157) ;
#1170=PLANE('',#1169) ;
#1266=PLANE('',#1265) ;
#1276=PLANE('',#1275) ;
#1370=PLANE('',#1369) ;
#1486=PLANE('',#1485) ;
#2447=PLANE('',#2446) ;
#2457=PLANE('',#2456) ;
#2501=PLANE('',#2500) ;
#2532=PLANE('',#2531) ;
#2592=PLANE('',#2591) ;
#48=PLANE_ANGLE_MEASURE_WITH_UNIT(PLANE_ANGLE_MEASURE(0.0174532925199),#47) ;
#7=PRODUCT_CATEGORY('part',$) ;
#14=PRODUCT_CATEGORY('part',$) ;
#9=PRODUCT_CATEGORY_RELATIONSHIP(' ',' ',#7,#8) ;
#16=PRODUCT_CATEGORY_RELATIONSHIP(' ',' ',#14,#15) ;
#6=PRODUCT_DEFINITION_FORMATION_WITH_SPECIFIED_SOURCE('',' ',#5,.NOT_KNOWN.) ;
#57=PRODUCT_DEFINITION_FORMATION_WITH_SPECIFIED_SOURCE('',' ',#56,.NOT_KNOWN.) ;
#1024=PRODUCT_DEFINITION_FORMATION_WITH_SPECIFIED_SOURCE('',' ',#1023,.NOT_KNOWN.) ;
#1199=PRODUCT_DEFINITION_FORMATION_WITH_SPECIFIED_SOURCE('',' ',#1198,.NOT_KNOWN.) ;
#1303=PRODUCT_DEFINITION_FORMATION_WITH_SPECIFIED_SOURCE('',' ',#1302,.NOT_KNOWN.) ;
#2380=PRODUCT_DEFINITION_FORMATION_WITH_SPECIFIED_SOURCE('',' ',#2379,.NOT_KNOWN.) ;
#58=PRODUCT_DEFINITION_WITH_ASSOCIATED_DOCUMENTS('',' ',#57,#3,(#60)) ;
#1025=PRODUCT_DEFINITION_WITH_ASSOCIATED_DOCUMENTS('',' ',#1024,#3,(#1027)) ;
#1200=PRODUCT_DEFINITION_WITH_ASSOCIATED_DOCUMENTS('',' ',#1199,#3,(#1202)) ;
#1304=PRODUCT_DEFINITION_WITH_ASSOCIATED_DOCUMENTS('',' ',#1303,#3,(#1306)) ;
#2381=PRODUCT_DEFINITION_WITH_ASSOCIATED_DOCUMENTS('',' ',#2380,#3,(#2383)) ;
#8=PRODUCT_RELATED_PRODUCT_CATEGORY('detail',$,(#56,#1023,#1198,#1302,#2379)) ;
#15=PRODUCT_RELATED_PRODUCT_CATEGORY('part',$,(#5)) ;
#43=SHAPE_DEFINITION_REPRESENTATION(#45,#44) ;
#55=SHAPE_DEFINITION_REPRESENTATION(#61,#54) ;
#1022=SHAPE_DEFINITION_REPRESENTATION(#1028,#1021) ;
#1197=SHAPE_DEFINITION_REPRESENTATION(#1203,#1196) ;
#1301=SHAPE_DEFINITION_REPRESENTATION(#1307,#1300) ;
#2378=SHAPE_DEFINITION_REPRESENTATION(#2384,#2377) ;
#1760=SURFACE_OF_REVOLUTION('Surface of Revolution',#1747,#1759) ;
#1816=SURFACE_OF_REVOLUTION('Surface of Revolution',#1808,#1815) ;
#1850=SURFACE_OF_REVOLUTION('Surface of Revolution',#1837,#1849) ;
#1876=SURFACE_OF_REVOLUTION('Surface of Revolution',#1868,#1875) ;
#1905=SURFACE_OF_REVOLUTION('Surface of Revolution',#1897,#1904) ;
#1922=SURFACE_OF_REVOLUTION('Surface of Revolution',#1914,#1921) ;
#1944=SURFACE_OF_REVOLUTION('Surface of Revolution',#1931,#1943) ;
#2000=SURFACE_OF_REVOLUTION('Surface of Revolution',#1992,#1999) ;
#2034=SURFACE_OF_REVOLUTION('Surface of Revolution',#2021,#2033) ;
#2060=SURFACE_OF_REVOLUTION('Surface of Revolution',#2052,#2059) ;
#2089=SURFACE_OF_REVOLUTION('Surface of Revolution',#2081,#2088) ;
#2106=SURFACE_OF_REVOLUTION('Surface of Revolution',#2098,#2105) ;
#2128=SURFACE_OF_REVOLUTION('Surface of Revolution',#2115,#2127) ;
#2184=SURFACE_OF_REVOLUTION('Surface of Revolution',#2176,#2183) ;
#2218=SURFACE_OF_REVOLUTION('Surface of Revolution',#2205,#2217) ;
#2244=SURFACE_OF_REVOLUTION('Surface of Revolution',#2236,#2243) ;
#2273=SURFACE_OF_REVOLUTION('Surface of Revolution',#2265,#2272) ;
#2290=SURFACE_OF_REVOLUTION('Surface of Revolution',#2282,#2289) ;
#73=VERTEX_POINT('',#72) ;
#75=VERTEX_POINT('',#74) ;
#82=VERTEX_POINT('',#81) ;
#89=VERTEX_POINT('',#88) ;
#113=VERTEX_POINT('',#112) ;
#120=VERTEX_POINT('',#119) ;
#127=VERTEX_POINT('',#126) ;
#134=VERTEX_POINT('',#133) ;
#141=VERTEX_POINT('',#140) ;
#148=VERTEX_POINT('',#147) ;
#176=VERTEX_POINT('',#175) ;
#200=VERTEX_POINT('',#199) ;
#207=VERTEX_POINT('',#206) ;
#214=VERTEX_POINT('',#213) ;
#221=VERTEX_POINT('',#220) ;
#228=VERTEX_POINT('',#227) ;
#324=VERTEX_POINT('',#323) ;
#326=VERTEX_POINT('',#325) ;
#333=VERTEX_POINT('',#332) ;
#340=VERTEX_POINT('',#339) ;
#364=VERTEX_POINT('',#363) ;
#371=VERTEX_POINT('',#370) ;
#378=VERTEX_POINT('',#377) ;
#385=VERTEX_POINT('',#384) ;
#392=VERTEX_POINT('',#391) ;
#399=VERTEX_POINT('',#398) ;
#422=VERTEX_POINT('',#421) ;
#446=VERTEX_POINT('',#445) ;
#453=VERTEX_POINT('',#452) ;
#460=VERTEX_POINT('',#459) ;
#467=VERTEX_POINT('',#466) ;
#474=VERTEX_POINT('',#473) ;
#555=VERTEX_POINT('',#554) ;
#557=VERTEX_POINT('',#556) ;
#564=VERTEX_POINT('',#563) ;
#571=VERTEX_POINT('',#570) ;
#595=VERTEX_POINT('',#594) ;
#602=VERTEX_POINT('',#601) ;
#626=VERTEX_POINT('',#625) ;
#633=VERTEX_POINT('',#632) ;
#728=VERTEX_POINT('',#727) ;
#730=VERTEX_POINT('',#729) ;
#752=VERTEX_POINT('',#751) ;
#754=VERTEX_POINT('',#753) ;
#802=VERTEX_POINT('',#801) ;
#804=VERTEX_POINT('',#803) ;
#826=VERTEX_POINT('',#825) ;
#828=VERTEX_POINT('',#827) ;
#871=VERTEX_POINT('',#870) ;
#873=VERTEX_POINT('',#872) ;
#895=VERTEX_POINT('',#894) ;
#897=VERTEX_POINT('',#896) ;
#940=VERTEX_POINT('',#939) ;
#942=VERTEX_POINT('',#941) ;
#964=VERTEX_POINT('',#963) ;
#966=VERTEX_POINT('',#965) ;
#1040=VERTEX_POINT('',#1039) ;
#1042=VERTEX_POINT('',#1041) ;
#1049=VERTEX_POINT('',#1048) ;
#1056=VERTEX_POINT('',#1055) ;
#1080=VERTEX_POINT('',#1079) ;
#1087=VERTEX_POINT('',#1086) ;
#1111=VERTEX_POINT('',#1110) ;
#1118=VERTEX_POINT('',#1117) ;
#1215=VERTEX_POINT('',#1214) ;
#1217=VERTEX_POINT('',#1216) ;
#1224=VERTEX_POINT('',#1223) ;
#1231=VERTEX_POINT('',#1230) ;
#1319=VERTEX_POINT('',#1318) ;
#1321=VERTEX_POINT('',#1320) ;
#1328=VERTEX_POINT('',#1327) ;
#1335=VERTEX_POINT('',#1334) ;
#1376=VERTEX_POINT('',#1375) ;
#1378=VERTEX_POINT('',#1377) ;
#1404=VERTEX_POINT('',#1403) ;
#1426=VERTEX_POINT('',#1425) ;
#1433=VERTEX_POINT('',#1432) ;
#1467=VERTEX_POINT('',#1466) ;
#1492=VERTEX_POINT('',#1491) ;
#1494=VERTEX_POINT('',#1493) ;
#1520=VERTEX_POINT('',#1519) ;
#1527=VERTEX_POINT('',#1526) ;
#1534=VERTEX_POINT('',#1533) ;
#1559=VERTEX_POINT('',#1558) ;
#1584=VERTEX_POINT('',#1583) ;
#1586=VERTEX_POINT('',#1585) ;
#1593=VERTEX_POINT('',#1592) ;
#1600=VERTEX_POINT('',#1599) ;
#1607=VERTEX_POINT('',#1606) ;
#1614=VERTEX_POINT('',#1613) ;
#1635=VERTEX_POINT('',#1634) ;
#1637=VERTEX_POINT('',#1636) ;
#1644=VERTEX_POINT('',#1643) ;
#1651=VERTEX_POINT('',#1650) ;
#1658=VERTEX_POINT('',#1657) ;
#1665=VERTEX_POINT('',#1664) ;
#1686=VERTEX_POINT('',#1685) ;
#1698=VERTEX_POINT('',#1697) ;
#1719=VERTEX_POINT('',#1718) ;
#1731=VERTEX_POINT('',#1730) ;
#1772=VERTEX_POINT('',#1771) ;
#1774=VERTEX_POINT('',#1773) ;
#1781=VERTEX_POINT('',#1780) ;
#1794=VERTEX_POINT('',#1793) ;
#1956=VERTEX_POINT('',#1955) ;
#1958=VERTEX_POINT('',#1957) ;
#1965=VERTEX_POINT('',#1964) ;
#1978=VERTEX_POINT('',#1977) ;
#2140=VERTEX_POINT('',#2139) ;
#2142=VERTEX_POINT('',#2141) ;
#2149=VERTEX_POINT('',#2148) ;
#2162=VERTEX_POINT('',#2161) ;
#2396=VERTEX_POINT('',#2395) ;
#2398=VERTEX_POINT('',#2397) ;
#2405=VERTEX_POINT('',#2404) ;
#2412=VERTEX_POINT('',#2411) ;
#2463=VERTEX_POINT('',#2462) ;
#2465=VERTEX_POINT('',#2464) ;
#2472=VERTEX_POINT('',#2471) ;
#2479=VERTEX_POINT('',#2478) ;
#2507=VERTEX_POINT('',#2506) ;
#2514=VERTEX_POINT('',#2513) ;
#2538=VERTEX_POINT('',#2537) ;
#2545=VERTEX_POINT('',#2544) ;
#46=(LENGTH_UNIT()NAMED_UNIT(*)SI_UNIT(.MILLI.,.METRE.)) ;
#47=(NAMED_UNIT(*)PLANE_ANGLE_UNIT()SI_UNIT($,.RADIAN.)) ;
#49=(NAMED_UNIT(*)SI_UNIT($,.STERADIAN.)SOLID_ANGLE_UNIT()) ;
#51=(GEOMETRIC_REPRESENTATION_CONTEXT(3)GLOBAL_UNCERTAINTY_ASSIGNED_CONTEXT((#50))GLOBAL_UNIT_ASSIGNED_CONTEXT((#46,#47,#49))REPRESENTATION_CONTEXT(' ',' ')) ;
#53=(GEOMETRIC_REPRESENTATION_CONTEXT(3)GLOBAL_UNCERTAINTY_ASSIGNED_CONTEXT((#52))GLOBAL_UNIT_ASSIGNED_CONTEXT((#46,#47,#49))REPRESENTATION_CONTEXT(' ',' ')) ;
#1020=(GEOMETRIC_REPRESENTATION_CONTEXT(3)GLOBAL_UNCERTAINTY_ASSIGNED_CONTEXT((#1019))GLOBAL_UNIT_ASSIGNED_CONTEXT((#46,#47,#49))REPRESENTATION_CONTEXT(' ',' ')) ;
#1195=(GEOMETRIC_REPRESENTATION_CONTEXT(3)GLOBAL_UNCERTAINTY_ASSIGNED_CONTEXT((#1194))GLOBAL_UNIT_ASSIGNED_CONTEXT((#46,#47,#49))REPRESENTATION_CONTEXT(' ',' ')) ;
#1299=(GEOMETRIC_REPRESENTATION_CONTEXT(3)GLOBAL_UNCERTAINTY_ASSIGNED_CONTEXT((#1298))GLOBAL_UNIT_ASSIGNED_CONTEXT((#46,#47,#49))REPRESENTATION_CONTEXT(' ',' ')) ;
#2316=(GEOMETRIC_REPRESENTATION_CONTEXT(3)GLOBAL_UNCERTAINTY_ASSIGNED_CONTEXT((#2315))GLOBAL_UNIT_ASSIGNED_CONTEXT((#46,#47,#49))REPRESENTATION_CONTEXT(' ',' ')) ;
#2331=(GEOMETRIC_REPRESENTATION_CONTEXT(3)GLOBAL_UNCERTAINTY_ASSIGNED_CONTEXT((#2330))GLOBAL_UNIT_ASSIGNED_CONTEXT((#46,#47,#49))REPRESENTATION_CONTEXT(' ',' ')) ;
#2346=(GEOMETRIC_REPRESENTATION_CONTEXT(3)GLOBAL_UNCERTAINTY_ASSIGNED_CONTEXT((#2345))GLOBAL_UNIT_ASSIGNED_CONTEXT((#46,#47,#49))REPRESENTATION_CONTEXT(' ',' ')) ;
#2361=(GEOMETRIC_REPRESENTATION_CONTEXT(3)GLOBAL_UNCERTAINTY_ASSIGNED_CONTEXT((#2360))GLOBAL_UNIT_ASSIGNED_CONTEXT((#46,#47,#49))REPRESENTATION_CONTEXT(' ',' ')) ;
#2376=(GEOMETRIC_REPRESENTATION_CONTEXT(3)GLOBAL_UNCERTAINTY_ASSIGNED_CONTEXT((#2375))GLOBAL_UNIT_ASSIGNED_CONTEXT((#46,#47,#49))REPRESENTATION_CONTEXT(' ',' ')) ;
#2617=(GEOMETRIC_REPRESENTATION_CONTEXT(3)GLOBAL_UNCERTAINTY_ASSIGNED_CONTEXT((#2616))GLOBAL_UNIT_ASSIGNED_CONTEXT((#46,#47,#49))REPRESENTATION_CONTEXT(' ',' ')) ;
#1009=(REPRESENTATION_RELATIONSHIP(' ',' ',#54,#44)REPRESENTATION_RELATIONSHIP_WITH_TRANSFORMATION(#1010)SHAPE_REPRESENTATION_RELATIONSHIP()) ;
#1184=(REPRESENTATION_RELATIONSHIP(' ',' ',#1021,#44)REPRESENTATION_RELATIONSHIP_WITH_TRANSFORMATION(#1185)SHAPE_REPRESENTATION_RELATIONSHIP()) ;
#1288=(REPRESENTATION_RELATIONSHIP(' ',' ',#1196,#44)REPRESENTATION_RELATIONSHIP_WITH_TRANSFORMATION(#1289)SHAPE_REPRESENTATION_RELATIONSHIP()) ;
#2305=(REPRESENTATION_RELATIONSHIP(' ',' ',#1300,#44)REPRESENTATION_RELATIONSHIP_WITH_TRANSFORMATION(#2306)SHAPE_REPRESENTATION_RELATIONSHIP()) ;
#2320=(REPRESENTATION_RELATIONSHIP(' ',' ',#1196,#44)REPRESENTATION_RELATIONSHIP_WITH_TRANSFORMATION(#2321)SHAPE_REPRESENTATION_RELATIONSHIP()) ;
#2335=(REPRESENTATION_RELATIONSHIP(' ',' ',#1196,#44)REPRESENTATION_RELATIONSHIP_WITH_TRANSFORMATION(#2336)SHAPE_REPRESENTATION_RELATIONSHIP()) ;
#2350=(REPRESENTATION_RELATIONSHIP(' ',' ',#1196,#44)REPRESENTATION_RELATIONSHIP_WITH_TRANSFORMATION(#2351)SHAPE_REPRESENTATION_RELATIONSHIP()) ;
#2365=(REPRESENTATION_RELATIONSHIP(' ',' ',#1300,#44)REPRESENTATION_RELATIONSHIP_WITH_TRANSFORMATION(#2366)SHAPE_REPRESENTATION_RELATIONSHIP()) ;
#2606=(REPRESENTATION_RELATIONSHIP(' ',' ',#2377,#44)REPRESENTATION_RELATIONSHIP_WITH_TRANSFORMATION(#2607)SHAPE_REPRESENTATION_RELATIONSHIP()) ;
#2621=(REPRESENTATION_RELATIONSHIP(' ',' ',#2377,#44)REPRESENTATION_RELATIONSHIP_WITH_TRANSFORMATION(#2622)SHAPE_REPRESENTATION_RELATIONSHIP()) ;
ENDSEC;
END-ISO-10303-21;
